-- MySQL Script generated by MySQL Workbench
-- 03/06/16 11:26:41
-- Model: New Model    Version: 1.0
-- MySQL Workbench Forward Engineering

SET @OLD_UNIQUE_CHECKS=@@UNIQUE_CHECKS, UNIQUE_CHECKS=0;
SET @OLD_FOREIGN_KEY_CHECKS=@@FOREIGN_KEY_CHECKS, FOREIGN_KEY_CHECKS=0;
SET @OLD_SQL_MODE=@@SQL_MODE, SQL_MODE='TRADITIONAL,ALLOW_INVALID_DATES';

-- -----------------------------------------------------
-- Schema ZooStart
-- -----------------------------------------------------
-- Oefen database (start)
DROP SCHEMA IF EXISTS `ZooStart` ;

-- -----------------------------------------------------
-- Schema ZooStart
--
-- Oefen database (start)
-- -----------------------------------------------------
CREATE SCHEMA IF NOT EXISTS `ZooStart` DEFAULT CHARACTER SET utf8 COLLATE utf8_general_ci ;
USE `ZooStart` ;

-- -----------------------------------------------------
-- Table `ZooStart`.`Rijk`
-- -----------------------------------------------------
DROP TABLE IF EXISTS `ZooStart`.`Rijk` ;

CREATE TABLE IF NOT EXISTS `ZooStart`.`Rijk` (
  `idRijk` INT NOT NULL AUTO_INCREMENT COMMENT '',
  `Titel` TINYTEXT NOT NULL COMMENT '',
  `TitelLatijn` TINYTEXT NULL COMMENT '',
  `Omschrijving` MEDIUMTEXT NULL COMMENT '',
  PRIMARY KEY (`idRijk`)  COMMENT '')
ENGINE = InnoDB;


-- -----------------------------------------------------
-- Table `ZooStart`.`Status`
-- -----------------------------------------------------
DROP TABLE IF EXISTS `ZooStart`.`Status` ;

CREATE TABLE IF NOT EXISTS `ZooStart`.`Status` (
  `idStatus` INT NOT NULL AUTO_INCREMENT COMMENT '',
  `Omschrijving` MEDIUMTEXT NOT NULL COMMENT '',
  PRIMARY KEY (`idStatus`)  COMMENT '')
ENGINE = InnoDB;


-- -----------------------------------------------------
-- Table `ZooStart`.`Stam`
-- -----------------------------------------------------
DROP TABLE IF EXISTS `ZooStart`.`Stam` ;

CREATE TABLE IF NOT EXISTS `ZooStart`.`Stam` (
  `idStam` INT NOT NULL AUTO_INCREMENT COMMENT '',
  `Titel` TINYTEXT NOT NULL COMMENT '',
  `TitelLatijn` TINYTEXT NULL COMMENT '',
  `Omschrijving` MEDIUMTEXT NULL COMMENT '',
  PRIMARY KEY (`idStam`)  COMMENT '')
ENGINE = InnoDB;


-- -----------------------------------------------------
-- Table `ZooStart`.`Klasse`
-- -----------------------------------------------------
DROP TABLE IF EXISTS `ZooStart`.`Klasse` ;

CREATE TABLE IF NOT EXISTS `ZooStart`.`Klasse` (
  `idKlasse` INT NOT NULL AUTO_INCREMENT COMMENT '',
  `Titel` TINYTEXT NOT NULL COMMENT '',
  `TitelLatijn` TINYTEXT NULL COMMENT '',
  `Omschrijving` MEDIUMTEXT NULL COMMENT '',
  PRIMARY KEY (`idKlasse`)  COMMENT '')
ENGINE = InnoDB;


-- -----------------------------------------------------
-- Table `ZooStart`.`Orde`
-- -----------------------------------------------------
DROP TABLE IF EXISTS `ZooStart`.`Orde` ;

CREATE TABLE IF NOT EXISTS `ZooStart`.`Orde` (
  `idOrde` INT NOT NULL AUTO_INCREMENT COMMENT '',
  `Titel` TINYTEXT NOT NULL COMMENT '',
  `TitelLatijn` TINYTEXT NULL COMMENT '',
  `Omschrijving` MEDIUMTEXT NULL COMMENT '',
  PRIMARY KEY (`idOrde`)  COMMENT '')
ENGINE = InnoDB;


-- -----------------------------------------------------
-- Table `ZooStart`.`Familie`
-- -----------------------------------------------------
DROP TABLE IF EXISTS `ZooStart`.`Familie` ;

CREATE TABLE IF NOT EXISTS `ZooStart`.`Familie` (
  `idFamilie` INT NOT NULL AUTO_INCREMENT COMMENT '',
  `Titel` TINYTEXT NOT NULL COMMENT '',
  `TitelLatijn` TINYTEXT NULL COMMENT '',
  `Omschrijving` MEDIUMTEXT NULL COMMENT '',
  PRIMARY KEY (`idFamilie`)  COMMENT '')
ENGINE = InnoDB;


-- -----------------------------------------------------
-- Table `ZooStart`.`Geslacht`
-- -----------------------------------------------------
DROP TABLE IF EXISTS `ZooStart`.`Geslacht` ;

CREATE TABLE IF NOT EXISTS `ZooStart`.`Geslacht` (
  `idGeslacht` INT NOT NULL AUTO_INCREMENT COMMENT '',
  `Titel` TINYTEXT NOT NULL COMMENT '',
  `TitelLatijn` TINYTEXT NULL COMMENT '',
  `Omschrijving` MEDIUMTEXT NULL COMMENT '',
  PRIMARY KEY (`idGeslacht`)  COMMENT '')
ENGINE = InnoDB;


-- -----------------------------------------------------
-- Table `ZooStart`.`Dieren`
-- -----------------------------------------------------
DROP TABLE IF EXISTS `ZooStart`.`Dieren` ;

CREATE TABLE IF NOT EXISTS `ZooStart`.`Dieren` (
  `idDieren` INT NOT NULL AUTO_INCREMENT COMMENT '',
  `Naam` TINYTEXT NOT NULL COMMENT '',
  `Genus` TINYINT(1) NULL DEFAULT 0 COMMENT 'True = M, False = V',
  `Omschrijving` LONGTEXT NULL COMMENT '',
  `Status_id` INT NOT NULL COMMENT '',
  `Rijk_id` INT NOT NULL COMMENT '',
  `Stam_id` INT NOT NULL COMMENT '',
  `Klasse_id` INT NOT NULL COMMENT '',
  `Orde_id` INT NOT NULL COMMENT '',
  `Familie_id` INT NOT NULL COMMENT '',
  `Geslacht_id` INT NOT NULL COMMENT '',
  PRIMARY KEY (`idDieren`)  COMMENT '',
  CONSTRAINT `fk_Dieren_Rijk1`
    FOREIGN KEY (`Rijk_id`)
    REFERENCES `ZooStart`.`Rijk` (`idRijk`)
    ON DELETE NO ACTION
    ON UPDATE NO ACTION,
  CONSTRAINT `fk_Dieren_Status1`
    FOREIGN KEY (`Status_id`)
    REFERENCES `ZooStart`.`Status` (`idStatus`)
    ON DELETE NO ACTION
    ON UPDATE NO ACTION,
  CONSTRAINT `fk_Dieren_Stam1`
    FOREIGN KEY (`Stam_id`)
    REFERENCES `ZooStart`.`Stam` (`idStam`)
    ON DELETE NO ACTION
    ON UPDATE NO ACTION,
  CONSTRAINT `fk_Dieren_Klasse1`
    FOREIGN KEY (`Klasse_id`)
    REFERENCES `ZooStart`.`Klasse` (`idKlasse`)
    ON DELETE NO ACTION
    ON UPDATE NO ACTION,
  CONSTRAINT `fk_Dieren_Orde1`
    FOREIGN KEY (`Orde_id`)
    REFERENCES `ZooStart`.`Orde` (`idOrde`)
    ON DELETE NO ACTION
    ON UPDATE NO ACTION,
  CONSTRAINT `fk_Dieren_Familie1`
    FOREIGN KEY (`Familie_id`)
    REFERENCES `ZooStart`.`Familie` (`idFamilie`)
    ON DELETE NO ACTION
    ON UPDATE NO ACTION,
  CONSTRAINT `fk_Dieren_Geslacht1`
    FOREIGN KEY (`Geslacht_id`)
    REFERENCES `ZooStart`.`Geslacht` (`idGeslacht`)
    ON DELETE NO ACTION
    ON UPDATE NO ACTION)
ENGINE = InnoDB;

CREATE INDEX `fk_Dieren_Rijk1_idx` ON `ZooStart`.`Dieren` (`Rijk_id` ASC)  COMMENT '';

CREATE INDEX `fk_Dieren_Status1_idx` ON `ZooStart`.`Dieren` (`Status_id` ASC)  COMMENT '';

CREATE INDEX `fk_Dieren_Stam1_idx` ON `ZooStart`.`Dieren` (`Stam_id` ASC)  COMMENT '';

CREATE INDEX `fk_Dieren_Klasse1_idx` ON `ZooStart`.`Dieren` (`Klasse_id` ASC)  COMMENT '';

CREATE INDEX `fk_Dieren_Orde1_idx` ON `ZooStart`.`Dieren` (`Orde_id` ASC)  COMMENT '';

CREATE INDEX `fk_Dieren_Familie1_idx` ON `ZooStart`.`Dieren` (`Familie_id` ASC)  COMMENT '';

CREATE INDEX `fk_Dieren_Geslacht1_idx` ON `ZooStart`.`Dieren` (`Geslacht_id` ASC)  COMMENT '';


SET SQL_MODE=@OLD_SQL_MODE;
SET FOREIGN_KEY_CHECKS=@OLD_FOREIGN_KEY_CHECKS;
SET UNIQUE_CHECKS=@OLD_UNIQUE_CHECKS;

-- -----------------------------------------------------
-- Data for table `ZooStart`.`Rijk`
-- -----------------------------------------------------
START TRANSACTION;
USE `ZooStart`;
INSERT INTO `ZooStart`.`Rijk` (`idRijk`, `Titel`, `TitelLatijn`, `Omschrijving`) VALUES (1, 'Dieren', 'Animalia', NULL);

COMMIT;


-- -----------------------------------------------------
-- Data for table `ZooStart`.`Status`
-- -----------------------------------------------------
START TRANSACTION;
USE `ZooStart`;
INSERT INTO `ZooStart`.`Status` (`idStatus`, `Omschrijving`) VALUES (1, 'Veilig');
INSERT INTO `ZooStart`.`Status` (`idStatus`, `Omschrijving`) VALUES (2, 'Zeldzaam');
INSERT INTO `ZooStart`.`Status` (`idStatus`, `Omschrijving`) VALUES (3, 'Bedreigd');
INSERT INTO `ZooStart`.`Status` (`idStatus`, `Omschrijving`) VALUES (4, 'Bijna uitgestorven');
INSERT INTO `ZooStart`.`Status` (`idStatus`, `Omschrijving`) VALUES (5, 'Uitgestorven');
INSERT INTO `ZooStart`.`Status` (`idStatus`, `Omschrijving`) VALUES (6, 'Niet bepaald');

COMMIT;


-- -----------------------------------------------------
-- Data for table `ZooStart`.`Stam`
-- -----------------------------------------------------
START TRANSACTION;
USE `ZooStart`;
INSERT INTO `ZooStart`.`Stam` (`idStam`, `Titel`, `TitelLatijn`, `Omschrijving`) VALUES (1, 'Gewervelden', 'Vertebrates', NULL);

COMMIT;


-- -----------------------------------------------------
-- Data for table `ZooStart`.`Klasse`
-- -----------------------------------------------------
START TRANSACTION;
USE `ZooStart`;
INSERT INTO `ZooStart`.`Klasse` (`idKlasse`, `Titel`, `TitelLatijn`, `Omschrijving`) VALUES (1, 'Zoogdieren', 'Mammalia', NULL);
INSERT INTO `ZooStart`.`Klasse` (`idKlasse`, `Titel`, `TitelLatijn`, `Omschrijving`) VALUES (2, 'Vogels', 'Aves', NULL);
INSERT INTO `ZooStart`.`Klasse` (`idKlasse`, `Titel`, `TitelLatijn`, `Omschrijving`) VALUES (3, 'Haaien en Roggen', 'Elasmobranchii', NULL);
INSERT INTO `ZooStart`.`Klasse` (`idKlasse`, `Titel`, `TitelLatijn`, `Omschrijving`) VALUES (4, 'Reptielen', 'Reptilia', NULL);

COMMIT;


-- -----------------------------------------------------
-- Data for table `ZooStart`.`Orde`
-- -----------------------------------------------------
START TRANSACTION;
USE `ZooStart`;
INSERT INTO `ZooStart`.`Orde` (`idOrde`, `Titel`, `TitelLatijn`, `Omschrijving`) VALUES (1, 'Buistandigen', 'Tubulidentata', NULL);
INSERT INTO `ZooStart`.`Orde` (`idOrde`, `Titel`, `TitelLatijn`, `Omschrijving`) VALUES (2, 'Accipitriformes', 'Accipitriformes', NULL);
INSERT INTO `ZooStart`.`Orde` (`idOrde`, `Titel`, `TitelLatijn`, `Omschrijving`) VALUES (3, 'Evenhoevigen', 'Artiodactyla', NULL);
INSERT INTO `ZooStart`.`Orde` (`idOrde`, `Titel`, `TitelLatijn`, `Omschrijving`) VALUES (4, 'Myliobatiformes', 'Myliobatiformes', NULL);
INSERT INTO `ZooStart`.`Orde` (`idOrde`, `Titel`, `TitelLatijn`, `Omschrijving`) VALUES (5, 'Roofdieren', 'Carnivora', NULL);
INSERT INTO `ZooStart`.`Orde` (`idOrde`, `Titel`, `TitelLatijn`, `Omschrijving`) VALUES (6, 'Slurfdieren', 'Proboscidea', NULL);
INSERT INTO `ZooStart`.`Orde` (`idOrde`, `Titel`, `TitelLatijn`, `Omschrijving`) VALUES (7, 'Penguins', 'Sphenisciformes', NULL);
INSERT INTO `ZooStart`.`Orde` (`idOrde`, `Titel`, `TitelLatijn`, `Omschrijving`) VALUES (8, 'Insecteneters', 'Eulipotyphla', NULL);
INSERT INTO `ZooStart`.`Orde` (`idOrde`, `Titel`, `TitelLatijn`, `Omschrijving`) VALUES (9, 'Schildpadden', 'Testudines', NULL);
INSERT INTO `ZooStart`.`Orde` (`idOrde`, `Titel`, `TitelLatijn`, `Omschrijving`) VALUES (10, 'Krokodilachtigen', 'Crocodilia', NULL);
INSERT INTO `ZooStart`.`Orde` (`idOrde`, `Titel`, `TitelLatijn`, `Omschrijving`) VALUES (11, 'Primaten', 'Primates', NULL);
INSERT INTO `ZooStart`.`Orde` (`idOrde`, `Titel`, `TitelLatijn`, `Omschrijving`) VALUES (12, 'Klimbuideldieren', 'Diprotodontia', NULL);
INSERT INTO `ZooStart`.`Orde` (`idOrde`, `Titel`, `TitelLatijn`, `Omschrijving`) VALUES (13, 'Knaagdieren', 'Rodentia', NULL);
INSERT INTO `ZooStart`.`Orde` (`idOrde`, `Titel`, `TitelLatijn`, `Omschrijving`) VALUES (14, 'Papegaaiachtigen', 'Psittaciformes', NULL);
INSERT INTO `ZooStart`.`Orde` (`idOrde`, `Titel`, `TitelLatijn`, `Omschrijving`) VALUES (15, 'Gordeldierachtigen', 'Cingulata', NULL);
INSERT INTO `ZooStart`.`Orde` (`idOrde`, `Titel`, `TitelLatijn`, `Omschrijving`) VALUES (16, 'Walvisachtigen', 'Cetartiodactyla', NULL);
INSERT INTO `ZooStart`.`Orde` (`idOrde`, `Titel`, `TitelLatijn`, `Omschrijving`) VALUES (17, 'Flamingo\'s', 'Phoenicopteriformes', NULL);
INSERT INTO `ZooStart`.`Orde` (`idOrde`, `Titel`, `TitelLatijn`, `Omschrijving`) VALUES (18, 'Schubreptielen', 'Squamata', NULL);
INSERT INTO `ZooStart`.`Orde` (`idOrde`, `Titel`, `TitelLatijn`, `Omschrijving`) VALUES (19, 'Rajiformes', 'Rajiformes', NULL);
INSERT INTO `ZooStart`.`Orde` (`idOrde`, `Titel`, `TitelLatijn`, `Omschrijving`) VALUES (20, 'Onevenhoevigen', 'Perissodactyla', NULL);

COMMIT;


-- -----------------------------------------------------
-- Data for table `ZooStart`.`Familie`
-- -----------------------------------------------------
START TRANSACTION;
USE `ZooStart`;
INSERT INTO `ZooStart`.`Familie` (`idFamilie`, `Titel`, `TitelLatijn`, `Omschrijving`) VALUES (1, 'Aardvarkens', 'Orycteropodidae', NULL);
INSERT INTO `ZooStart`.`Familie` (`idFamilie`, `Titel`, `TitelLatijn`, `Omschrijving`) VALUES (2, 'Havikachtigen', 'Accipitridae', NULL);
INSERT INTO `ZooStart`.`Familie` (`idFamilie`, `Titel`, `TitelLatijn`, `Omschrijving`) VALUES (3, 'Holhoornigen', 'Bovidae', NULL);
INSERT INTO `ZooStart`.`Familie` (`idFamilie`, `Titel`, `TitelLatijn`, `Omschrijving`) VALUES (4, 'Adelaarsroggen', 'Myliobatidae', NULL);
INSERT INTO `ZooStart`.`Familie` (`idFamilie`, `Titel`, `TitelLatijn`, `Omschrijving`) VALUES (5, 'Katachtigen', 'Felidae', NULL);
INSERT INTO `ZooStart`.`Familie` (`idFamilie`, `Titel`, `TitelLatijn`, `Omschrijving`) VALUES (6, 'Olifanten', 'Elephantidae', NULL);
INSERT INTO `ZooStart`.`Familie` (`idFamilie`, `Titel`, `TitelLatijn`, `Omschrijving`) VALUES (7, 'Penguins', 'Spheniscidae', NULL);
INSERT INTO `ZooStart`.`Familie` (`idFamilie`, `Titel`, `TitelLatijn`, `Omschrijving`) VALUES (8, 'Solenodons', 'Solenodontidae', NULL);
INSERT INTO `ZooStart`.`Familie` (`idFamilie`, `Titel`, `TitelLatijn`, `Omschrijving`) VALUES (9, 'Halsbergers', 'Cryptodira', NULL);
INSERT INTO `ZooStart`.`Familie` (`idFamilie`, `Titel`, `TitelLatijn`, `Omschrijving`) VALUES (10, 'Alligators en kaaimannen', 'Alligatoridae', NULL);
INSERT INTO `ZooStart`.`Familie` (`idFamilie`, `Titel`, `TitelLatijn`, `Omschrijving`) VALUES (11, 'Pijlstaartroggen', 'Dasyatidae', NULL);
INSERT INTO `ZooStart`.`Familie` (`idFamilie`, `Titel`, `TitelLatijn`, `Omschrijving`) VALUES (12, 'Oorrobben', 'Otariidae', NULL);
INSERT INTO `ZooStart`.`Familie` (`idFamilie`, `Titel`, `TitelLatijn`, `Omschrijving`) VALUES (13, 'Herten', 'Cervidae', NULL);
INSERT INTO `ZooStart`.`Familie` (`idFamilie`, `Titel`, `TitelLatijn`, `Omschrijving`) VALUES (14, 'Vingerdieren', 'Daubentoniidae', NULL);
INSERT INTO `ZooStart`.`Familie` (`idFamilie`, `Titel`, `TitelLatijn`, `Omschrijving`) VALUES (15, 'Civetkatachtigen', 'Viverridae', NULL);
INSERT INTO `ZooStart`.`Familie` (`idFamilie`, `Titel`, `TitelLatijn`, `Omschrijving`) VALUES (16, 'Kangoeroes', 'Macropodidae', NULL);
INSERT INTO `ZooStart`.`Familie` (`idFamilie`, `Titel`, `TitelLatijn`, `Omschrijving`) VALUES (17, 'Mensachtigen', 'Hominidae', NULL);
INSERT INTO `ZooStart`.`Familie` (`idFamilie`, `Titel`, `TitelLatijn`, `Omschrijving`) VALUES (18, 'Beverratten', 'Myocastoridae', NULL);
INSERT INTO `ZooStart`.`Familie` (`idFamilie`, `Titel`, `TitelLatijn`, `Omschrijving`) VALUES (19, 'Papegaaien', 'Psittacidae', NULL);
INSERT INTO `ZooStart`.`Familie` (`idFamilie`, `Titel`, `TitelLatijn`, `Omschrijving`) VALUES (20, 'Beren', 'Ursidae', NULL);
INSERT INTO `ZooStart`.`Familie` (`idFamilie`, `Titel`, `TitelLatijn`, `Omschrijving`) VALUES (21, 'Gordeldieren', 'Dasypodidae', NULL);
INSERT INTO `ZooStart`.`Familie` (`idFamilie`, `Titel`, `TitelLatijn`, `Omschrijving`) VALUES (22, 'Hutia', 'Capromyidae', NULL);
INSERT INTO `ZooStart`.`Familie` (`idFamilie`, `Titel`, `TitelLatijn`, `Omschrijving`) VALUES (23, 'Echte dolfijnen', 'Delphinidae', NULL);
INSERT INTO `ZooStart`.`Familie` (`idFamilie`, `Titel`, `TitelLatijn`, `Omschrijving`) VALUES (24, 'Nijlpaarden', 'Hippopotamidae', NULL);
INSERT INTO `ZooStart`.`Familie` (`idFamilie`, `Titel`, `TitelLatijn`, `Omschrijving`) VALUES (25, 'Hondachtigen', 'Canidae', NULL);
INSERT INTO `ZooStart`.`Familie` (`idFamilie`, `Titel`, `TitelLatijn`, `Omschrijving`) VALUES (26, 'Flamingo\'s', 'Phoenicopteridae', NULL);
INSERT INTO `ZooStart`.`Familie` (`idFamilie`, `Titel`, `TitelLatijn`, `Omschrijving`) VALUES (27, 'Hyena\'s', 'Hyeanidae', NULL);
INSERT INTO `ZooStart`.`Familie` (`idFamilie`, `Titel`, `TitelLatijn`, `Omschrijving`) VALUES (28, 'Korsthagedissen', 'Helodermatidae', NULL);
INSERT INTO `ZooStart`.`Familie` (`idFamilie`, `Titel`, `TitelLatijn`, `Omschrijving`) VALUES (29, 'Vioolroggen', 'Rhinobatidae', NULL);
INSERT INTO `ZooStart`.`Familie` (`idFamilie`, `Titel`, `TitelLatijn`, `Omschrijving`) VALUES (30, 'Gibbons', 'Hylobatidae', NULL);
INSERT INTO `ZooStart`.`Familie` (`idFamilie`, `Titel`, `TitelLatijn`, `Omschrijving`) VALUES (31, 'Paardachtigen', 'Equidae', NULL);
INSERT INTO `ZooStart`.`Familie` (`idFamilie`, `Titel`, `TitelLatijn`, `Omschrijving`) VALUES (32, 'Giraffen', 'Giraffidae', NULL);
INSERT INTO `ZooStart`.`Familie` (`idFamilie`, `Titel`, `TitelLatijn`, `Omschrijving`) VALUES (33, 'Pythonachtigen', 'Pythonidae', NULL);
INSERT INTO `ZooStart`.`Familie` (`idFamilie`, `Titel`, `TitelLatijn`, `Omschrijving`) VALUES (34, 'Kleine beren', 'Procyonidae', NULL);
INSERT INTO `ZooStart`.`Familie` (`idFamilie`, `Titel`, `TitelLatijn`, `Omschrijving`) VALUES (35, 'Zeehonden', 'Phocidae', NULL);
INSERT INTO `ZooStart`.`Familie` (`idFamilie`, `Titel`, `TitelLatijn`, `Omschrijving`) VALUES (36, 'Neushoorns', 'Rhinocerotidae', NULL);

COMMIT;


-- -----------------------------------------------------
-- Data for table `ZooStart`.`Geslacht`
-- -----------------------------------------------------
START TRANSACTION;
USE `ZooStart`;
INSERT INTO `ZooStart`.`Geslacht` (`idGeslacht`, `Titel`, `TitelLatijn`, `Omschrijving`) VALUES (1, 'Aardvarken', 'Orycteropus', NULL);
INSERT INTO `ZooStart`.`Geslacht` (`idGeslacht`, `Titel`, `TitelLatijn`, `Omschrijving`) VALUES (2, 'Aasgier', 'Neophron', NULL);
INSERT INTO `ZooStart`.`Geslacht` (`idGeslacht`, `Titel`, `TitelLatijn`, `Omschrijving`) VALUES (3, 'Addax', 'Addax', NULL);
INSERT INTO `ZooStart`.`Geslacht` (`idGeslacht`, `Titel`, `TitelLatijn`, `Omschrijving`) VALUES (4, 'Adelaarsrog', 'Myliobatis', NULL);
INSERT INTO `ZooStart`.`Geslacht` (`idGeslacht`, `Titel`, `TitelLatijn`, `Omschrijving`) VALUES (5, 'Afrikaanse buffel', 'Syncerus', NULL);
INSERT INTO `ZooStart`.`Geslacht` (`idGeslacht`, `Titel`, `TitelLatijn`, `Omschrijving`) VALUES (6, 'Grote Katten', 'Panthera', NULL);
INSERT INTO `ZooStart`.`Geslacht` (`idGeslacht`, `Titel`, `TitelLatijn`, `Omschrijving`) VALUES (7, 'Panterkatten', 'Panthera', NULL);
INSERT INTO `ZooStart`.`Geslacht` (`idGeslacht`, `Titel`, `TitelLatijn`, `Omschrijving`) VALUES (8, 'Afrikaanse Olifanten', 'Loxodonta', NULL);
INSERT INTO `ZooStart`.`Geslacht` (`idGeslacht`, `Titel`, `TitelLatijn`, `Omschrijving`) VALUES (9, 'Arenden', 'Aquila', NULL);
INSERT INTO `ZooStart`.`Geslacht` (`idGeslacht`, `Titel`, `TitelLatijn`, `Omschrijving`) VALUES (10, 'Zwartvoetpenguin', 'Spheniscus', NULL);
INSERT INTO `ZooStart`.`Geslacht` (`idGeslacht`, `Titel`, `TitelLatijn`, `Omschrijving`) VALUES (11, 'Solenodon', 'Solenodon', NULL);
INSERT INTO `ZooStart`.`Geslacht` (`idGeslacht`, `Titel`, `TitelLatijn`, `Omschrijving`) VALUES (12, 'Bijtschildpadden', 'Chelydridae', NULL);
INSERT INTO `ZooStart`.`Geslacht` (`idGeslacht`, `Titel`, `TitelLatijn`, `Omschrijving`) VALUES (13, 'Alligator', 'Alligator', NULL);
INSERT INTO `ZooStart`.`Geslacht` (`idGeslacht`, `Titel`, `TitelLatijn`, `Omschrijving`) VALUES (14, 'Zeearenden', 'Haliaeetus', NULL);
INSERT INTO `ZooStart`.`Geslacht` (`idGeslacht`, `Titel`, `TitelLatijn`, `Omschrijving`) VALUES (15, 'Atlantische pijlstaartrog', 'Dasyatis', NULL);
INSERT INTO `ZooStart`.`Geslacht` (`idGeslacht`, `Titel`, `TitelLatijn`, `Omschrijving`) VALUES (16, 'Australische zeeleeuw', 'Neophoca', NULL);
INSERT INTO `ZooStart`.`Geslacht` (`idGeslacht`, `Titel`, `TitelLatijn`, `Omschrijving`) VALUES (17, 'Axishert', 'Axis', NULL);
INSERT INTO `ZooStart`.`Geslacht` (`idGeslacht`, `Titel`, `TitelLatijn`, `Omschrijving`) VALUES (18, 'Vingerdieren', 'Daubentonia', NULL);
INSERT INTO `ZooStart`.`Geslacht` (`idGeslacht`, `Titel`, `TitelLatijn`, `Omschrijving`) VALUES (19, 'Aziatische olifant', 'Elephas', NULL);
INSERT INTO `ZooStart`.`Geslacht` (`idGeslacht`, `Titel`, `TitelLatijn`, `Omschrijving`) VALUES (20, 'Beermarter', 'Arctictis', NULL);
INSERT INTO `ZooStart`.`Geslacht` (`idGeslacht`, `Titel`, `TitelLatijn`, `Omschrijving`) VALUES (21, 'Wallabies', 'Macropus', NULL);
INSERT INTO `ZooStart`.`Geslacht` (`idGeslacht`, `Titel`, `TitelLatijn`, `Omschrijving`) VALUES (22, 'Gorilla\'s', 'Gorilla', NULL);
INSERT INTO `ZooStart`.`Geslacht` (`idGeslacht`, `Titel`, `TitelLatijn`, `Omschrijving`) VALUES (23, 'Beverrat', 'Myocaster', NULL);
INSERT INTO `ZooStart`.`Geslacht` (`idGeslacht`, `Titel`, `TitelLatijn`, `Omschrijving`) VALUES (24, 'Lierhert', 'Rucervus', NULL);
INSERT INTO `ZooStart`.`Geslacht` (`idGeslacht`, `Titel`, `TitelLatijn`, `Omschrijving`) VALUES (25, 'Ara\'s', 'Ara', NULL);
INSERT INTO `ZooStart`.`Geslacht` (`idGeslacht`, `Titel`, `TitelLatijn`, `Omschrijving`) VALUES (26, 'Chimpansees', 'Pan', NULL);
INSERT INTO `ZooStart`.`Geslacht` (`idGeslacht`, `Titel`, `TitelLatijn`, `Omschrijving`) VALUES (27, 'Orang-Oetan', 'Pongo', NULL);
INSERT INTO `ZooStart`.`Geslacht` (`idGeslacht`, `Titel`, `TitelLatijn`, `Omschrijving`) VALUES (28, 'Brilberen', 'Tremarctos', NULL);
INSERT INTO `ZooStart`.`Geslacht` (`idGeslacht`, `Titel`, `TitelLatijn`, `Omschrijving`) VALUES (29, 'Bruinbehaard gordeldier', 'Chaetophractus', NULL);
INSERT INTO `ZooStart`.`Geslacht` (`idGeslacht`, `Titel`, `TitelLatijn`, `Omschrijving`) VALUES (30, 'Echte beren', 'Ursus', NULL);
INSERT INTO `ZooStart`.`Geslacht` (`idGeslacht`, `Titel`, `TitelLatijn`, `Omschrijving`) VALUES (31, 'Jachtluipaarden', 'Acinonyx', NULL);
INSERT INTO `ZooStart`.`Geslacht` (`idGeslacht`, `Titel`, `TitelLatijn`, `Omschrijving`) VALUES (32, 'Echte Muntjaks', 'Muntiacus', NULL);
INSERT INTO `ZooStart`.`Geslacht` (`idGeslacht`, `Titel`, `TitelLatijn`, `Omschrijving`) VALUES (33, 'Cubaanse hutia', 'Capromys', NULL);
INSERT INTO `ZooStart`.`Geslacht` (`idGeslacht`, `Titel`, `TitelLatijn`, `Omschrijving`) VALUES (34, 'Damherten', 'Dama', NULL);
INSERT INTO `ZooStart`.`Geslacht` (`idGeslacht`, `Titel`, `TitelLatijn`, `Omschrijving`) VALUES (35, 'Feresa', 'Feresa', NULL);
INSERT INTO `ZooStart`.`Geslacht` (`idGeslacht`, `Titel`, `TitelLatijn`, `Omschrijving`) VALUES (36, 'Nijlpaarden', 'Hexaprotodon', NULL);
INSERT INTO `ZooStart`.`Geslacht` (`idGeslacht`, `Titel`, `TitelLatijn`, `Omschrijving`) VALUES (37, 'Waterbokken', 'Kobus', NULL);
INSERT INTO `ZooStart`.`Geslacht` (`idGeslacht`, `Titel`, `TitelLatijn`, `Omschrijving`) VALUES (38, 'Ezelspinguïns', 'Pygoscelis', NULL);
INSERT INTO `ZooStart`.`Geslacht` (`idGeslacht`, `Titel`, `TitelLatijn`, `Omschrijving`) VALUES (39, 'Wolven', 'Vulpes', NULL);
INSERT INTO `ZooStart`.`Geslacht` (`idGeslacht`, `Titel`, `TitelLatijn`, `Omschrijving`) VALUES (40, 'Flamingo\'s', 'Phoenicopterus', NULL);
INSERT INTO `ZooStart`.`Geslacht` (`idGeslacht`, `Titel`, `TitelLatijn`, `Omschrijving`) VALUES (41, 'Amazonepapegaaien', 'Amazona', NULL);
INSERT INTO `ZooStart`.`Geslacht` (`idGeslacht`, `Titel`, `TitelLatijn`, `Omschrijving`) VALUES (42, 'Hyena\'s', 'Hyaena', NULL);
INSERT INTO `ZooStart`.`Geslacht` (`idGeslacht`, `Titel`, `TitelLatijn`, `Omschrijving`) VALUES (43, 'Crocuta', 'Crocuta', NULL);
INSERT INTO `ZooStart`.`Geslacht` (`idGeslacht`, `Titel`, `TitelLatijn`, `Omschrijving`) VALUES (44, 'Dolfijnen', 'Delphinus', NULL);
INSERT INTO `ZooStart`.`Geslacht` (`idGeslacht`, `Titel`, `TitelLatijn`, `Omschrijving`) VALUES (45, 'Korsthagedissen', 'Heloderma', NULL);
INSERT INTO `ZooStart`.`Geslacht` (`idGeslacht`, `Titel`, `TitelLatijn`, `Omschrijving`) VALUES (46, 'Gitaarroggen', 'Glaucostegus', NULL);
INSERT INTO `ZooStart`.`Geslacht` (`idGeslacht`, `Titel`, `TitelLatijn`, `Omschrijving`) VALUES (47, 'Gnoe\'s', 'Connochaetes', NULL);
INSERT INTO `ZooStart`.`Geslacht` (`idGeslacht`, `Titel`, `TitelLatijn`, `Omschrijving`) VALUES (48, 'Jakhalsen en Wolven', 'Canis', NULL);
INSERT INTO `ZooStart`.`Geslacht` (`idGeslacht`, `Titel`, `TitelLatijn`, `Omschrijving`) VALUES (49, 'Gibbons', 'Nomascus', NULL);
INSERT INTO `ZooStart`.`Geslacht` (`idGeslacht`, `Titel`, `TitelLatijn`, `Omschrijving`) VALUES (50, 'Zebra\'s', 'Equus', NULL);
INSERT INTO `ZooStart`.`Geslacht` (`idGeslacht`, `Titel`, `TitelLatijn`, `Omschrijving`) VALUES (51, 'Giraf', 'Giraffa', NULL);
INSERT INTO `ZooStart`.`Geslacht` (`idGeslacht`, `Titel`, `TitelLatijn`, `Omschrijving`) VALUES (52, 'Blastocerus', 'Blastocerus', NULL);
INSERT INTO `ZooStart`.`Geslacht` (`idGeslacht`, `Titel`, `TitelLatijn`, `Omschrijving`) VALUES (53, 'Broghammerus', 'Broghammerus', NULL);
INSERT INTO `ZooStart`.`Geslacht` (`idGeslacht`, `Titel`, `TitelLatijn`, `Omschrijving`) VALUES (54, 'Procyon', 'Procyon', NULL);
INSERT INTO `ZooStart`.`Geslacht` (`idGeslacht`, `Titel`, `TitelLatijn`, `Omschrijving`) VALUES (55, 'Rendieren', 'Rangifer', NULL);
INSERT INTO `ZooStart`.`Geslacht` (`idGeslacht`, `Titel`, `TitelLatijn`, `Omschrijving`) VALUES (56, 'Pagophilus', 'Pagophilus', NULL);
INSERT INTO `ZooStart`.`Geslacht` (`idGeslacht`, `Titel`, `TitelLatijn`, `Omschrijving`) VALUES (57, 'Geiten', 'Capra', NULL);
INSERT INTO `ZooStart`.`Geslacht` (`idGeslacht`, `Titel`, `TitelLatijn`, `Omschrijving`) VALUES (58, 'Ceratotherium', 'Ceratotherium', NULL);

COMMIT;


-- -----------------------------------------------------
-- Data for table `ZooStart`.`Dieren`
-- -----------------------------------------------------
START TRANSACTION;
USE `ZooStart`;
INSERT INTO `ZooStart`.`Dieren` (`idDieren`, `Naam`, `Genus`, `Omschrijving`, `Status_id`, `Rijk_id`, `Stam_id`, `Klasse_id`, `Orde_id`, `Familie_id`, `Geslacht_id`) VALUES (1, 'Porki', 0, 'Het aardvarken is een stevig dier met korte poten en een lange snuit. Het heeft een dikke huid die spaarzaam behaard is met borstelharen. Jongere dieren hebben meer haar. De huid is gelig of bruinig grijs van kleur, maar vaak donkerder door het wroeten in de aarde. De kop loopt uit in een spitse, varkensachtige snuit met een kleine bek. Deze snuit is rond, zacht en beweeglijk. Langs de neusgaten zit dicht haar. In de bek heeft het een lange tong. De oren zijn groot en puntig, als die van een ezel. De korte, sterke poten hebben grote klauwen, die hij gebruikt om te graven en als wapen tegen vijanden. De staart is lang, dik en stevig. De staartpunt en de zijkanten van het gezicht van wijfjes zijn meestal wit of bleker van kleur, en donkerder bij mannetjes. Het dier is ongeveer 1,6 m lang[2], 58 tot 66 cm hoog en 40 tot 82 kg zwaar. De staart is 44 tot 63 cm lang. - Het heeft een uitstekende reuk- en goede gehoorzin, maar het zichtvermogen is vrij slecht ontwikkeld. Op de snuit zitten kleine vlezige tentakeltjes, die dienen als tastorgaan.', 1, 1, 1, 1, 1, 1, 1);
INSERT INTO `ZooStart`.`Dieren` (`idDieren`, `Naam`, `Genus`, `Omschrijving`, `Status_id`, `Rijk_id`, `Stam_id`, `Klasse_id`, `Orde_id`, `Familie_id`, `Geslacht_id`) VALUES (2, 'Flodor', 0, 'De aasgier is 54 tot 70 cm lang en 1,6 tot 2,4 kg zwaar en heeft een spanwijdte van 146-175 cm. - Het is een middelgrote gier met een karakteristiek vliegsilhouet waarbij de wigvormige staart het meest opvalt. Volwassen vogels zijn wit met zwarte arm- en handpennen. Verder heeft deze gier een opvallend smalle snavel en heeft een geel gekleurde naakte huid rond het oog. Onvolwassen vogels zijn geheel donkerbruin en worden geleidelijk steeds lichter tot ze na circa vijf jaar helemaal wit met zwart zijn. In zit lijken volwassen vogels bijna helemaal wit omdat de zwarte vleugelpennen verborgen zitten onder de witte bovenvleugeldekveren.', 3, 1, 1, 2, 2, 2, 2);
INSERT INTO `ZooStart`.`Dieren` (`idDieren`, `Naam`, `Genus`, `Omschrijving`, `Status_id`, `Rijk_id`, `Stam_id`, `Klasse_id`, `Orde_id`, `Familie_id`, `Geslacht_id`) VALUES (3, 'Liese', 1, 'De addax heeft een grijzig witte vacht met een witte romp, buik, ledematen en gezichtstekening. s Winters is de vacht grijzig bruin van kleur, s zomers zandgelig tot wit. De kruin is kastanjebruin van kleur, de snuit en oogvlek lichter bruin. De staart heeft een zwarte punt. De oren zijn smal en lang. Allebei de geslachten dragen hoorns. Deze hoorns zijn lang en spiraalvormig gedraaid. - De addax wordt 120 tot 180 centimeter lang. De staart is 25 tot 35 centimeter lang. De addax heeft een schofthoogte van 95 tot 150 centimeter. Vrouwtjes worden kleiner dan mannetjes. Een vrouwtje weegt 60 tot 90 kilogram, een mannetje 100 tot 135 kilogram. Behalve het formaat is er weinig verschil tussen de geslachten.', 4, 1, 1, 1, 3, 3, 3);
INSERT INTO `ZooStart`.`Dieren` (`idDieren`, `Naam`, `Genus`, `Omschrijving`, `Status_id`, `Rijk_id`, `Stam_id`, `Klasse_id`, `Orde_id`, `Familie_id`, `Geslacht_id`) VALUES (4, 'Rob', 0, 'De addax heeft een grijzig witte vacht met een witte romp, buik, ledematen en gezichtstekening. s Winters is de vacht grijzig bruin van kleur, s zomers zandgelig tot wit. De kruin is kastanjebruin van kleur, de snuit en oogvlek lichter bruin. De staart heeft een zwarte punt. De oren zijn smal en lang. Allebei de geslachten dragen hoorns. Deze hoorns zijn lang en spiraalvormig gedraaid. - De addax wordt 120 tot 180 centimeter lang. De staart is 25 tot 35 centimeter lang. De addax heeft een schofthoogte van 95 tot 150 centimeter. Vrouwtjes worden kleiner dan mannetjes. Een vrouwtje weegt 60 tot 90 kilogram, een mannetje 100 tot 135 kilogram. Behalve het formaat is er weinig verschil tussen de geslachten.', 4, 1, 1, 1, 3, 3, 3);
INSERT INTO `ZooStart`.`Dieren` (`idDieren`, `Naam`, `Genus`, `Omschrijving`, `Status_id`, `Rijk_id`, `Stam_id`, `Klasse_id`, `Orde_id`, `Familie_id`, `Geslacht_id`) VALUES (5, 'Walter', 0, 'Deze rog heeft een afgeplat lichaam met vrij smalle, spitse borstvinnen, een stompe, snavelachtige snuit, een zeer lange staart met een giftige stekel en een onderstandige mond, die 7 rijen platte maalkiezen bevat. Het lichaam is grijsbruin of bronskleurig tot bijna zwart. De lichaamslengte bedraagt ten minste 250 cm en het gewicht 20 tot 30 kg.', 6, 1, 1, 3, 4, 4, 4);
INSERT INTO `ZooStart`.`Dieren` (`idDieren`, `Naam`, `Genus`, `Omschrijving`, `Status_id`, `Rijk_id`, `Stam_id`, `Klasse_id`, `Orde_id`, `Familie_id`, `Geslacht_id`) VALUES (6, 'Louise', 1, 'De Afrikaanse buffel is een Afrikaans rund, de enige nog levende soort uit het geslacht Syncerus. Het dier maakt deel uit van de De Grote Vijf. De buffel heeft een slechte reputatie. Hij is onvoorspelbaar en kan gevaarlijk zijn voor jagers en mensen die te dichtbij komen, soms met de dood tot gevolg. Meestal loopt het dier echter weg bij gevaar.', 1, 1, 1, 1, 3, 3, 5);
INSERT INTO `ZooStart`.`Dieren` (`idDieren`, `Naam`, `Genus`, `Omschrijving`, `Status_id`, `Rijk_id`, `Stam_id`, `Klasse_id`, `Orde_id`, `Familie_id`, `Geslacht_id`) VALUES (7, 'Simba', 0, 'De Afrikaanse leeuw (Panthera leo) is een groot katachtige uit het geslacht Panthera. Dit dier leeft, in tegenstelling tot de andere katachtigen, in groepsverband. Een groep bestaat uit 20 tot 30 dieren. - De leeuwinnen doen de jacht en opvoeding van de welpen. Het mannetje moet er voor zogen dat hun territorium van hun blijft, met geursporen zoals mest of urine. - Ook al doen de leeuwinnen de jacht, de man eet eerst en dan pas zijn de leeuwinnen en welpen aan de beurt. - Een leeuwin is 3,5 maanden dragend. Een nest kan tussen de 2 en 4 welpen tellen. De moeder verlaat de troep voor drie maanden zodat ze zeker weet dat als ze terug keert haar welpen sterk genoeg zijn, want deze welpen moet kunnen overleven in de groep als de moeder op jacht is.', 3, 1, 1, 1, 5, 5, 6);
INSERT INTO `ZooStart`.`Dieren` (`idDieren`, `Naam`, `Genus`, `Omschrijving`, `Status_id`, `Rijk_id`, `Stam_id`, `Klasse_id`, `Orde_id`, `Familie_id`, `Geslacht_id`) VALUES (8, 'Jolien', 1, 'De Afrikaanse luipaard is een ondersoort van de luipaard en komt voor in het grootste gedeelte van Sub-Saharisch Afrika. In 2008 werd het dier door de IUCN betiteld als "near threatened" (bijna bedreigd), waardoor deze ondersoort waarschijnlijk binnenkort de status "kwetsbaar" zal krijgen. De reden voor de achteruitgang in aantallen van de Afrikaanse luipaard is met name verlies aan leefgebied en het feit dat de exemplaren te verspreid leven om nog in contact met elkaar te kunnen komen. Buiten beschermde gebieden komt deze ondersoort vrijwel niet meer voor en de aantallen nemen nog steeds af.', 2, 1, 1, 1, 5, 5, 7);
INSERT INTO `ZooStart`.`Dieren` (`idDieren`, `Naam`, `Genus`, `Omschrijving`, `Status_id`, `Rijk_id`, `Stam_id`, `Klasse_id`, `Orde_id`, `Familie_id`, `Geslacht_id`) VALUES (9, 'Dumbo', 0, 'De Afrikaanse savanne olifant is het grootste land zoogdier op de wereld met zijn rond de 7000 kilo en een schoft hoogte hebben van 3 meter en 40 centimeter. - Alleen de koeien leven in de kudde. De stieren verlaten de kudde als ze rond de 15/16 jaar zijn, maar paren pas met de koeien als ze 23 jaar oud zijn. De dochters verlaten de kudde nooit omdat de band tussen moeder en dochter zo sterk is dat ze bij een scheiding kunnen overlijden aan verdriet. - Dat olifanten wel degelijk slim zijn en emoties hebben, is vooral te zien als bijv. een lid van de kudde overlijdt, want dan rouwen de andere leden om de dode en nemen ook echt afscheid. Dat ze slim zijn is o.a. goed te zien in de ervaring van de oudste koe.', 2, 1, 1, 1, 6, 6, 8);
INSERT INTO `ZooStart`.`Dieren` (`idDieren`, `Naam`, `Genus`, `Omschrijving`, `Status_id`, `Rijk_id`, `Stam_id`, `Klasse_id`, `Orde_id`, `Familie_id`, `Geslacht_id`) VALUES (10, 'Olly', 1, 'De Afrikaanse savanne olifant is het grootste land zoogdier op de wereld met zijn rond de 7000 kilo en een schoft hoogte hebben van 3 meter en 40 centimeter. - Alleen de koeien leven in de kudde. De stieren verlaten de kudde als ze rond de 15/16 jaar zijn, maar paren pas met de koeien als ze 23 jaar oud zijn. De dochters verlaten de kudde nooit omdat de band tussen moeder en dochter zo sterk is dat ze bij een scheiding kunnen overlijden aan verdriet. - Dat olifanten wel degelijk slim zijn en emoties hebben, is vooral te zien als bijv. een lid van de kudde overlijdt, want dan rouwen de andere leden om de dode en nemen ook echt afscheid. Dat ze slim zijn is o.a. goed te zien in de ervaring van de oudste koe.', 2, 1, 1, 1, 6, 6, 8);
INSERT INTO `ZooStart`.`Dieren` (`idDieren`, `Naam`, `Genus`, `Omschrijving`, `Status_id`, `Rijk_id`, `Stam_id`, `Klasse_id`, `Orde_id`, `Familie_id`, `Geslacht_id`) VALUES (11, 'Lucske', 0, 'Deze vogel heeft een zwart verenkleed met een witte stuit, achterrug en twee witten banden op de rug. De vogel heeft een spanwijdte van 186 tot 222 cm.', 1, 1, 1, 2, 2, 2, 9);
INSERT INTO `ZooStart`.`Dieren` (`idDieren`, `Naam`, `Genus`, `Omschrijving`, `Status_id`, `Rijk_id`, `Stam_id`, `Klasse_id`, `Orde_id`, `Familie_id`, `Geslacht_id`) VALUES (12, 'Mumble', 0, 'De zwartvoet- of brilpinguïn is een van de vele pinguïnsoorten die niet op Antarctica broeden. Deze zwart-witte vogel broedt namelijk aan de randen van de woestijn! - De zwartvoetpinguïn heeft, zoals zijn naam al zegt, Zwarte poten. Zijn buik is wit met vaak zwarte stippen of puntjes erop. Boven de oogleden heeft de vogel een witte streep en wat roze vlak boven de ogen. Zijn snavel is zwart met een witte streep. - Deze pinguïn leeft vooral van kleine vissen (ansjovis), kleine schaaldieren en vangt ook inkvissen. Ze vissen vooral overdag. - Deze Afrikaanse vogels zijn erg geschikt als dierentuindier aangezien ze in de zomer geen extra verkoeling nodig hebben. Daarom komt hij in vrij grote aantallen in dierentuinen voor.', 3, 1, 1, 2, 8, 8, 10);
INSERT INTO `ZooStart`.`Dieren` (`idDieren`, `Naam`, `Genus`, `Omschrijving`, `Status_id`, `Rijk_id`, `Stam_id`, `Klasse_id`, `Orde_id`, `Familie_id`, `Geslacht_id`) VALUES (13, 'Nestor', 0, 'De zwartvoet- of brilpinguïn is een van de vele pinguïnsoorten die niet op Antarctica broeden. Deze zwart-witte vogel broedt namelijk aan de randen van de woestijn! - De zwartvoetpinguïn heeft, zoals zijn naam al zegt, Zwarte poten. Zijn buik is wit met vaak zwarte stippen of puntjes erop. Boven de oogleden heeft de vogel een witte streep en wat roze vlak boven de ogen. Zijn snavel is zwart met een witte streep. - Deze pinguïn leeft vooral van kleine vissen (ansjovis), kleine schaaldieren en vangt ook inkvissen. Ze vissen vooral overdag. - Deze Afrikaanse vogels zijn erg geschikt als dierentuindier aangezien ze in de zomer geen extra verkoeling nodig hebben. Daarom komt hij in vrij grote aantallen in dierentuinen voor.', 3, 1, 1, 2, 8, 8, 10);
INSERT INTO `ZooStart`.`Dieren` (`idDieren`, `Naam`, `Genus`, `Omschrijving`, `Status_id`, `Rijk_id`, `Stam_id`, `Klasse_id`, `Orde_id`, `Familie_id`, `Geslacht_id`) VALUES (14, 'Raul', 0, 'De zwartvoet- of brilpinguïn is een van de vele pinguïnsoorten die niet op Antarctica broeden. Deze zwart-witte vogel broedt namelijk aan de randen van de woestijn! - De zwartvoetpinguïn heeft, zoals zijn naam al zegt, Zwarte poten. Zijn buik is wit met vaak zwarte stippen of puntjes erop. Boven de oogleden heeft de vogel een witte streep en wat roze vlak boven de ogen. Zijn snavel is zwart met een witte streep. - Deze pinguïn leeft vooral van kleine vissen (ansjovis), kleine schaaldieren en vangt ook inkvissen. Ze vissen vooral overdag. - Deze Afrikaanse vogels zijn erg geschikt als dierentuindier aangezien ze in de zomer geen extra verkoeling nodig hebben. Daarom komt hij in vrij grote aantallen in dierentuinen voor.', 3, 1, 1, 2, 8, 8, 10);
INSERT INTO `ZooStart`.`Dieren` (`idDieren`, `Naam`, `Genus`, `Omschrijving`, `Status_id`, `Rijk_id`, `Stam_id`, `Klasse_id`, `Orde_id`, `Familie_id`, `Geslacht_id`) VALUES (15, 'Rinaldo', 0, 'De zwartvoet- of brilpinguïn is een van de vele pinguïnsoorten die niet op Antarctica broeden. Deze zwart-witte vogel broedt namelijk aan de randen van de woestijn! - De zwartvoetpinguïn heeft, zoals zijn naam al zegt, Zwarte poten. Zijn buik is wit met vaak zwarte stippen of puntjes erop. Boven de oogleden heeft de vogel een witte streep en wat roze vlak boven de ogen. Zijn snavel is zwart met een witte streep. - Deze pinguïn leeft vooral van kleine vissen (ansjovis), kleine schaaldieren en vangt ook inkvissen. Ze vissen vooral overdag. - Deze Afrikaanse vogels zijn erg geschikt als dierentuindier aangezien ze in de zomer geen extra verkoeling nodig hebben. Daarom komt hij in vrij grote aantallen in dierentuinen voor.', 3, 1, 1, 2, 8, 8, 10);
INSERT INTO `ZooStart`.`Dieren` (`idDieren`, `Naam`, `Genus`, `Omschrijving`, `Status_id`, `Rijk_id`, `Stam_id`, `Klasse_id`, `Orde_id`, `Familie_id`, `Geslacht_id`) VALUES (16, 'Lombardo', 0, 'De zwartvoet- of brilpinguïn is een van de vele pinguïnsoorten die niet op Antarctica broeden. Deze zwart-witte vogel broedt namelijk aan de randen van de woestijn! - De zwartvoetpinguïn heeft, zoals zijn naam al zegt, Zwarte poten. Zijn buik is wit met vaak zwarte stippen of puntjes erop. Boven de oogleden heeft de vogel een witte streep en wat roze vlak boven de ogen. Zijn snavel is zwart met een witte streep. - Deze pinguïn leeft vooral van kleine vissen (ansjovis), kleine schaaldieren en vangt ook inkvissen. Ze vissen vooral overdag. - Deze Afrikaanse vogels zijn erg geschikt als dierentuindier aangezien ze in de zomer geen extra verkoeling nodig hebben. Daarom komt hij in vrij grote aantallen in dierentuinen voor.', 3, 1, 1, 2, 8, 8, 10);
INSERT INTO `ZooStart`.`Dieren` (`idDieren`, `Naam`, `Genus`, `Omschrijving`, `Status_id`, `Rijk_id`, `Stam_id`, `Klasse_id`, `Orde_id`, `Familie_id`, `Geslacht_id`) VALUES (17, 'Gloria', 1, 'De zwartvoet- of brilpinguïn is een van de vele pinguïnsoorten die niet op Antarctica broeden. Deze zwart-witte vogel broedt namelijk aan de randen van de woestijn! - De zwartvoetpinguïn heeft, zoals zijn naam al zegt, Zwarte poten. Zijn buik is wit met vaak zwarte stippen of puntjes erop. Boven de oogleden heeft de vogel een witte streep en wat roze vlak boven de ogen. Zijn snavel is zwart met een witte streep. - Deze pinguïn leeft vooral van kleine vissen (ansjovis), kleine schaaldieren en vangt ook inkvissen. Ze vissen vooral overdag. - Deze Afrikaanse vogels zijn erg geschikt als dierentuindier aangezien ze in de zomer geen extra verkoeling nodig hebben. Daarom komt hij in vrij grote aantallen in dierentuinen voor.', 3, 1, 1, 2, 8, 8, 10);
INSERT INTO `ZooStart`.`Dieren` (`idDieren`, `Naam`, `Genus`, `Omschrijving`, `Status_id`, `Rijk_id`, `Stam_id`, `Klasse_id`, `Orde_id`, `Familie_id`, `Geslacht_id`) VALUES (18, 'Norma Jean', 1, 'De zwartvoet- of brilpinguïn is een van de vele pinguïnsoorten die niet op Antarctica broeden. Deze zwart-witte vogel broedt namelijk aan de randen van de woestijn! - De zwartvoetpinguïn heeft, zoals zijn naam al zegt, Zwarte poten. Zijn buik is wit met vaak zwarte stippen of puntjes erop. Boven de oogleden heeft de vogel een witte streep en wat roze vlak boven de ogen. Zijn snavel is zwart met een witte streep. - Deze pinguïn leeft vooral van kleine vissen (ansjovis), kleine schaaldieren en vangt ook inkvissen. Ze vissen vooral overdag. - Deze Afrikaanse vogels zijn erg geschikt als dierentuindier aangezien ze in de zomer geen extra verkoeling nodig hebben. Daarom komt hij in vrij grote aantallen in dierentuinen voor.', 3, 1, 1, 2, 8, 8, 10);
INSERT INTO `ZooStart`.`Dieren` (`idDieren`, `Naam`, `Genus`, `Omschrijving`, `Status_id`, `Rijk_id`, `Stam_id`, `Klasse_id`, `Orde_id`, `Familie_id`, `Geslacht_id`) VALUES (19, 'Pluis', 0, NULL, 3, 1, 1, 1, 8, 8, 11);
INSERT INTO `ZooStart`.`Dieren` (`idDieren`, `Naam`, `Genus`, `Omschrijving`, `Status_id`, `Rijk_id`, `Stam_id`, `Klasse_id`, `Orde_id`, `Familie_id`, `Geslacht_id`) VALUES (20, 'Pluschje', 1, NULL, 3, 1, 1, 1, 8, 8, 11);
INSERT INTO `ZooStart`.`Dieren` (`idDieren`, `Naam`, `Genus`, `Omschrijving`, `Status_id`, `Rijk_id`, `Stam_id`, `Klasse_id`, `Orde_id`, `Familie_id`, `Geslacht_id`) VALUES (21, 'Pluschke', 1, NULL, 3, 1, 1, 1, 8, 8, 11);
INSERT INTO `ZooStart`.`Dieren` (`idDieren`, `Naam`, `Genus`, `Omschrijving`, `Status_id`, `Rijk_id`, `Stam_id`, `Klasse_id`, `Orde_id`, `Familie_id`, `Geslacht_id`) VALUES (22, 'Slow', 1, 'Het verspreidingsgebied omvat het zuidoosten van de Verenigde Staten, in Florida en aangrenzende provincies in de kom van de Golf van Mexico. De schildpad houdt van vrijwel alle grotere wateren met ondiepe delen, een modderbodem en enige onderwatervegetatie, en is een echt waterdier dat maar zelden op het land komt. Alleen om de eitjes af te zetten en om van poel te wisselen als de "thuispoel" dreigt op te drogen wordt het land betreden. Het schild is opvallend bulterig en heeft drie steile lengterichels en een diep, ruitvormig reliëf. De dunne staart is bijna even lang als het schild en de ogen staan wat meer aan de zijkant van de kop. De relatief grote kop bestaat voor het grootste deel uit kaak, waarvan de kaakspieren tot de krachtigste uit de schildpaddenwereld behoren.', 2, 1, 1, 4, 9, 9, 12);
INSERT INTO `ZooStart`.`Dieren` (`idDieren`, `Naam`, `Genus`, `Omschrijving`, `Status_id`, `Rijk_id`, `Stam_id`, `Klasse_id`, `Orde_id`, `Familie_id`, `Geslacht_id`) VALUES (23, 'Fast', 0, 'Het verspreidingsgebied omvat het zuidoosten van de Verenigde Staten, in Florida en aangrenzende provincies in de kom van de Golf van Mexico. De schildpad houdt van vrijwel alle grotere wateren met ondiepe delen, een modderbodem en enige onderwatervegetatie, en is een echt waterdier dat maar zelden op het land komt. Alleen om de eitjes af te zetten en om van poel te wisselen als de "thuispoel" dreigt op te drogen wordt het land betreden. Het schild is opvallend bulterig en heeft drie steile lengterichels en een diep, ruitvormig reliëf. De dunne staart is bijna even lang als het schild en de ogen staan wat meer aan de zijkant van de kop. De relatief grote kop bestaat voor het grootste deel uit kaak, waarvan de kaakspieren tot de krachtigste uit de schildpaddenwereld behoren.', 2, 1, 1, 4, 9, 9, 12);
INSERT INTO `ZooStart`.`Dieren` (`idDieren`, `Naam`, `Genus`, `Omschrijving`, `Status_id`, `Rijk_id`, `Stam_id`, `Klasse_id`, `Orde_id`, `Familie_id`, `Geslacht_id`) VALUES (24, 'Magda', 1, 'De Amerikaanse alligator wordt ongeveer 4 tot 4,5 meter lang, vrouwtjes blijven kleiner tot 3 meter. Exemplaren van 5 meter zijn bekend en meer dan 6 meter lange dieren zouden zijn aangetroffen in de 19e en 20e eeuw, harde bewijzen ontbreken echter en een dergelijke lengte wordt als onwaarschijnlijk beschouwd. - Net als bij andere alligators is de snuit opvallend breed, dit varieert echter tussen de verschillende populaties. Dieren in gevangenschap ontwikkelen een iets bredere snuit wat samenhangt met het voedselaanbod. Bij een gesloten bek overlapt de zijkant van de bovenkaak de tanden van de onderkaak, de tanden worden opgeborgen in holtes in de bovenkaak. - De Amerikaanse alligator komt voor in het zuidoosten van de Verenigde Staten in de staten Alabama, Arkansas, North & South Carolina, Florida, Georgia, Louisiana, Mississippi, Oklahoma en Texas. Er zijn tegenwoordig ongeveer 1 miljoen exemplaren in het wild en de soort is in het gehele verspreidingsgebied vrij algemeen. - De habitat bestaat uit zoetwatermoerassen, rivieren, meren en kleinere wateren, enigszins brakwater wordt getolereerd. In mangrovemoerassen wordt de alligator soms in wateren met een hoger zoutgehalte aangetroffen. Klieren om zout af te scheiden ontbreken echter in tegenstelling tot de krokodillen, waardoor de alligator in zee maar korte tijd kan overleven.', 1, 1, 1, 4, 10, 10, 13);
INSERT INTO `ZooStart`.`Dieren` (`idDieren`, `Naam`, `Genus`, `Omschrijving`, `Status_id`, `Rijk_id`, `Stam_id`, `Klasse_id`, `Orde_id`, `Familie_id`, `Geslacht_id`) VALUES (25, 'Flurkje', 1, 'De Amerikaanse zeearend heeft naast die witte staart ook een witte kop. Hij heeft grote klauwen en een scherpe snavel. Deze zijn opvallend geel van kleur. Een jonge zeearend ziet er anders uit dan een volwassen zeearend. De jonge vogel is helemaal bruinzwart gekleurd. Op de borst zitten enkele witte vlekken. Pas als de zeearend zes jaar oud is, zijn de kop en staart wit. Bij Amerikaanse zeearenden is het vrouwtje groter dan het mannetje. - Van de ene punt van zijn vleugel tot de punt van de andere vleugel kan de Amerikaanse zeearend wel 2,5 meter lang zijn. De afstand tussen deze twee vleugelpunten heet de "spanwijdte". In de lucht kunnen deze vogels snel vliegen en draaien. Deze snelheid en wendbaarheid komen tijdens het jagen goed van pas.', 1, 1, 1, 2, 2, 2, 14);
INSERT INTO `ZooStart`.`Dieren` (`idDieren`, `Naam`, `Genus`, `Omschrijving`, `Status_id`, `Rijk_id`, `Stam_id`, `Klasse_id`, `Orde_id`, `Familie_id`, `Geslacht_id`) VALUES (26, 'Grompot', 0, 'De Amoerpanter leeft in het gebergte Sichote-Alin (vooral in de regio rond het Chasanmeer in het uiterste zuiden) in de Russische kraj Primorski in het zuiden van het Russische Verre Oosten en in het bergachtige noorden van Noord-Korea. De ondersoort is bijna uitgestorven; bij een telling in 2007 bleek dat zich nog 25 tot 34 exemplaren in het wild bevinden, waarvan slechts 6 vrouwtjes (een 7e werd gedood door een Russische jager in april 2007). Om te kunnen overleven zijn echter ten minste 66 tot 100 wilde exemplaren vereist. Door de vernietiging van zijn leefomgeving als gevolg van toenemende menselijke invloeden, de voortgaande bonthandel en trofeejagers (een dood exemplaar kan 37.000 dollar opbrengen) is de ondersoort sterk in aantal gedaald en is momenteel één van de meest bedreigde katten op aarde.', 4, 1, 1, 1, 5, 5, 6);
INSERT INTO `ZooStart`.`Dieren` (`idDieren`, `Naam`, `Genus`, `Omschrijving`, `Status_id`, `Rijk_id`, `Stam_id`, `Klasse_id`, `Orde_id`, `Familie_id`, `Geslacht_id`) VALUES (27, 'Willie', 0, 'De kleur van de bovenzijde is meestal egaal bruin tot donkerbruin terwijl de onderzijde wit is. Van vin tot vin kan de Atlantische pijlstaartrog een breedte bereiken van 60 centimeter en van staart tot neus een lengte van 110 centimeter. Hiermee is het één van de kleinere roggen uit de familie Dasyatidae. De maximale leeftijd wordt geschat op negen jaar. - De rog voedt zich voornamelijk met kleine zeedieren zoals garnalen, kreeftachtigen, schelpdieren en wormen. - De natuurlijke vijanden voor deze rog zijn verschillende soorten haaien. Voor de mens is de Atlantische pijlstaartrog niet gevaarlijk hoewel hij net als alle andere pijlstaartroggen een pijnlijke steek kan geven met zijn giftige angel aan de punt van zijn staart. Omdat de rog niet agressief is zal dit alleen gebeuren als je op hem stapt.', 1, 1, 1, 3, 4, 11, 15);
INSERT INTO `ZooStart`.`Dieren` (`idDieren`, `Naam`, `Genus`, `Omschrijving`, `Status_id`, `Rijk_id`, `Stam_id`, `Klasse_id`, `Orde_id`, `Familie_id`, `Geslacht_id`) VALUES (28, 'Ignas', 0, 'De Australische zeeleeuw kent seksuele dimorfie. Vrouwtjes zijn veel kleiner dan mannetjes, hebben een ander kleurpatroon en missen de lange manen. Het vrouwtje heeft zilvergrijze flanken en rug, met een roomgele tot beige buik en kop. Ze wordt 130 tot 180 centimeter lang en 70 tot 110 kilogram zwaar. Het volwassen mannetje heeft een zwartachtige donkerbruine vacht, met een lichtere borst en een donker gezichtsmasker. Jonge mannetjes hebben een vacht die meer op dat van vrouwtjes lijkt. Over de schouders loopt een maan van lange, ruwe haren. Het mannetje wordt 200 tot 250 centimeter lang en 250 tot 300 kilogram zwaar.', 3, 1, 1, 1, 5, 12, 16);
INSERT INTO `ZooStart`.`Dieren` (`idDieren`, `Naam`, `Genus`, `Omschrijving`, `Status_id`, `Rijk_id`, `Stam_id`, `Klasse_id`, `Orde_id`, `Familie_id`, `Geslacht_id`) VALUES (29, 'Bambi', 1, 'Hij heeft een roodbruine vacht met witte vlekken. Ook zijn buik, de binnenkant van zijn poten en een grote keelvlek zijn wit. Het gewei van het mannetje heeft zes enden, drie aan elke kant. Het hert heeft een lange staart van 20 tot 30 centimeter, een kop-romplengte van 110 tot 140 centimeter en een gewicht van 70 tot 100 kilogram. Het afwerpen van het gewei is niet seizoengebonden.', 1, 1, 1, 1, 3, 13, 17);
INSERT INTO `ZooStart`.`Dieren` (`idDieren`, `Naam`, `Genus`, `Omschrijving`, `Status_id`, `Rijk_id`, `Stam_id`, `Klasse_id`, `Orde_id`, `Familie_id`, `Geslacht_id`) VALUES (30, 'Aai', 1, 'De vacht van het vingerdier is donkerbruin tot zwart, met blekere plekken op zijn snuit en hals. Hij heeft een lange, dikke pluimstaart van ongeveer 50 cm lang. Dat is langer dan de kop-romplengte van 45 cm. Hij heeft een ronde kop met een stompe snuit. De ogen zijn oranje gekleurd. Net als bij knaagdieren groeien de snijtanden van een vingerdier continu; een unicum onder de primaten. Aan de poten heeft hij lange en smalle vingers met scherpe klauwen. Alleen de grote teen mist een klauw.', 2, 1, 1, 1, 11, 14, 18);
INSERT INTO `ZooStart`.`Dieren` (`idDieren`, `Naam`, `Genus`, `Omschrijving`, `Status_id`, `Rijk_id`, `Stam_id`, `Klasse_id`, `Orde_id`, `Familie_id`, `Geslacht_id`) VALUES (31, 'Streel', 0, 'De vacht van het vingerdier is donkerbruin tot zwart, met blekere plekken op zijn snuit en hals. Hij heeft een lange, dikke pluimstaart van ongeveer 50 cm lang. Dat is langer dan de kop-romplengte van 45 cm. Hij heeft een ronde kop met een stompe snuit. De ogen zijn oranje gekleurd. Net als bij knaagdieren groeien de snijtanden van een vingerdier continu; een unicum onder de primaten. Aan de poten heeft hij lange en smalle vingers met scherpe klauwen. Alleen de grote teen mist een klauw.', 2, 1, 1, 1, 11, 14, 18);
INSERT INTO `ZooStart`.`Dieren` (`idDieren`, `Naam`, `Genus`, `Omschrijving`, `Status_id`, `Rijk_id`, `Stam_id`, `Klasse_id`, `Orde_id`, `Familie_id`, `Geslacht_id`) VALUES (32, 'Nala', 1, 'De Perzische, Indische of Aziatische leeuw is een ondersoort van de leeuw. De dieren zijn slechts iets kleiner dan de Afrikaanse leeuwen en hebben een huidplooi midden over de buik. De manen van de mannelijke leeuw zijn eveneens kleiner. De familiegroepen zijn ook kleiner, meestal 2 verwante vrouwtjes met hun jongen. - De leeuw waar in de bijbel over gesproken wordt (denk aan "Daniël in de leeuwenkuil") is deze Perzische leeuw. En ditzelfde geldt voor de afbeelding van Alexander de Grote met een leeuw. Het is zelfs zeer waarschijnlijk dat de leeuwen die in de Romeinse arena’s werden gehouden om te vechten met gladiatoren, maar ook om christenen te doden, voor een belangrijk deel Perzische leeuwen waren. Door de vernietiging van hun leefgebied alsook de plezierjacht op leeuwen, nam hun aantal geleidelijk af. Sommige ondersoorten stierven zelfs helemaal uit, zoals de Kaapse leeuw (in 1865) en de Berberleeuw (in 1920). In het begin van onze jaartelling leefde de Perzische leeuw in een min of meer aaneengesloten leefgebied van Griekenland via Turkije en Syrië naar Irak, Iran en van Pakistan tot in Noord-India. De aantallen van deze leeuwensoort zijn enorm geslonken tot er rond 1900 nog maar 15 leeuwen overbleven. De laatste jaren is het aantal exemplaren echter aan het stijgen. In 2010 waren er 411 Perzische leeuwen (vgl. 359 in 2005, 327 in 2001). Ze leven allemaal in het Gir Forest National Park in Noordwest-India.', 3, 1, 1, 1, 5, 5, 6);
INSERT INTO `ZooStart`.`Dieren` (`idDieren`, `Naam`, `Genus`, `Omschrijving`, `Status_id`, `Rijk_id`, `Stam_id`, `Klasse_id`, `Orde_id`, `Familie_id`, `Geslacht_id`) VALUES (33, 'Flappy', 1, 'De Aziatische olifant is kleiner dan de Afrikaanse olifant. Zijn schouderhoogte is ongeveer tussen 2 en 3,5 meter en zijn gewicht tussen de 3000 en 5000 kg. Hij heeft kleine naar beneden wijzende oren en een bolle rug. De slurf van de Aziatische olifant heeft aan het einde een vinger aan de bovenkant, de Afrikaanse soort heeft er een aan de onder- en een aan de bovenkant. Verder verschillen het aantal nagels en de vorm van de kiezen (de Afrikaanse olifant heeft ruitvormige lamellen, de Aziatische heeft rechte lamellen. Bij de Aziatische olifanten hebben enkel de mannetjes slagtanden. Ook zijn de oren van de Afrikaanse olifant groter. De Aziatische olifant verliest zijn warmte niet langs de oren, in tegenstelling tot de Afrikaanse olifant; andersom gebruikt de Aziatische olifant hier wel zijn slurf voor, wat de Afrikaanse verwant niet doet.', 3, 1, 1, 1, 6, 6, 19);
INSERT INTO `ZooStart`.`Dieren` (`idDieren`, `Naam`, `Genus`, `Omschrijving`, `Status_id`, `Rijk_id`, `Stam_id`, `Klasse_id`, `Orde_id`, `Familie_id`, `Geslacht_id`) VALUES (34, 'Jonas', 0, 'De Beermarter of Bintoerong is een Aziatische civetkatachtige. Hij brengt het grootste gedeelte van zijn leven door in bomen. - Beermarters zijn vooral s nachts actief, overdag rusten ze op een boomtak of in een boomholte. Ze leven solitair in hun eigen territorium. - Een vrouwtje kan jaarlijks 2 jongen krijgen, per geboorte worden er 1 tot 3 jongen geboren na een draagtijd van ongeveer 92 dagen. Deze jongen zijn na een jaar volgroeid. - Een volwassen Beermarter wordt 61 tot 96 centimeter lang er zit dan nog geen staart bij, meestal is die 56-89 centimeter lang. Ze worden 7 tot 14 kilogram zwaar, vrouwtjes zijn vaak zwaarder en langer dan mannetjes. - Ze eten vooral vruchten, scheuten, bladeren, kadavers, insecten en kleine knaagdieren. Ze kunnen geen grote prooi vangen omdat het langzame dieren zijn.', 2, 1, 1, 1, 5, 15, 20);
INSERT INTO `ZooStart`.`Dieren` (`idDieren`, `Naam`, `Genus`, `Omschrijving`, `Status_id`, `Rijk_id`, `Stam_id`, `Klasse_id`, `Orde_id`, `Familie_id`, `Geslacht_id`) VALUES (35, 'Alexander', 0, 'De Beermarter of Bintoerong is een Aziatische civetkatachtige. Hij brengt het grootste gedeelte van zijn leven door in bomen. - Beermarters zijn vooral s nachts actief, overdag rusten ze op een boomtak of in een boomholte. Ze leven solitair in hun eigen territorium. - Een vrouwtje kan jaarlijks 2 jongen krijgen, per geboorte worden er 1 tot 3 jongen geboren na een draagtijd van ongeveer 92 dagen. Deze jongen zijn na een jaar volgroeid. - Een volwassen Beermarter wordt 61 tot 96 centimeter lang er zit dan nog geen staart bij, meestal is die 56-89 centimeter lang. Ze worden 7 tot 14 kilogram zwaar, vrouwtjes zijn vaak zwaarder en langer dan mannetjes. - Ze eten vooral vruchten, scheuten, bladeren, kadavers, insecten en kleine knaagdieren. Ze kunnen geen grote prooi vangen omdat het langzame dieren zijn.', 2, 1, 1, 1, 5, 15, 20);
INSERT INTO `ZooStart`.`Dieren` (`idDieren`, `Naam`, `Genus`, `Omschrijving`, `Status_id`, `Rijk_id`, `Stam_id`, `Klasse_id`, `Orde_id`, `Familie_id`, `Geslacht_id`) VALUES (36, 'Rambo', 0, 'De Bengaalse tijger (Panthera tigris tigris) wordt ook wel de Koningstijger genoemd. - De vacht van de Bengaalse tijger is oranjebruin tot oranjegeel met verticale bruine tot zwarte strepen. Dit strepenpatroon verschilt in aantal, dikte en vertakkingen per individu. De buikzijde, de wangen en het gebied rond de ogen zijn wit. Ook bestaan er "witte tijgers", met een geheel roomwitte vacht waarop het streeppatroon lig. Deze kleurvariëteit is zeer zeldzaam in het wild, maar een populaire attractie in gevangenschap, en hij wordt regelmatig gehouden in dierentuinen, waaronder in Dierenpark Amersfoort. Alle witte tijgers stammen af van één individu. De witte tijgers zijn meestal zwakker, sneller vatbaar voor ziektes en zijn slechter in jagen omdat ze te vaak al gezien worden. - De Bengaalse tijger jaagt voornamelijk overdag en in de schemering. Hij jaagt onder andere op herten als sambars, barasingaherten en axisherten, varkens, antilopes, apen als hoelmans, runderen als waterbuffels en gaurs en zelfs jonge olifanten. Soms worden ook gavialen, pythons en kleinere prooidieren als kikkers, hagedissen, schildpadden, kleine slangen, vissen, krabben, termieten en sprinkhanen gegrepen. Een geliefd, maar gevaarlijk prooidier is het witstaartstekelvarken. - De Bengaalse tijger komt voor in West-Myanmar en op het Indische subcontinent, in Bhutan, Nepal en Zuid-China, Bangladesh en India. Hij leeft hier in de vochtige regenwouden, moessonbossen, bamboebossen en savannes die begroeid zijn met hoog gras en bomen, in waterrijke gebieden als moerassen, in mangroves en in rivierbossen. Hij komt zowel in het laagland als in de bergen voor, tot in de Himalaya, waar hij leeft in bladverliezende bossen.', 3, 1, 1, 1, 5, 5, 6);
INSERT INTO `ZooStart`.`Dieren` (`idDieren`, `Naam`, `Genus`, `Omschrijving`, `Status_id`, `Rijk_id`, `Stam_id`, `Klasse_id`, `Orde_id`, `Familie_id`, `Geslacht_id`) VALUES (37, 'Jumpi', 1, 'De Bennettwallaby of Roodnekwallaby is een kleine soort kangoeroe, die van nature voorkomt in Oost Australië. - De Bennettwallaby heeft een grijsbruine vacht, met een witte buik. De zilverkleurige staart heeft een zwarte punt, net als zijn oren, poten en snuit. Hij wordt 70 tot 105 cm lang[2], en heeft een staart van 60-70 cm. De achterpoten kunnen tot 20 tot 22 cm lang worden. De kangoeroe is een middelgrote soort van 6,8 tot 22 kg, waarbij het mannetje gemiddeld 13,2 kg weegt, en het vrouwtje 10,5 kg. Er bestaat ook een albino-variant, die verder dezelfde kenmerken heeft als zijn grijze soortgenoten. - De wallaby leeft solitair of in kleine, losse groepjes van 2 tot 5 vrouwtjes en hun jongen. Paartjes trekken niet langer dan 24 uur met elkaar op. Bij gevaar stampen ze hun voeten. De draagtijd is 30 dagen, waarna het jong 280 dagen in de buidel blijft. Moeder en kind blijven daarna nog één maand bij elkaar. - De soort is rond 1940 in het Peak District in Engeland ontsnapt, waar nu nog een kleine populatie zou kunnen leven. Sinds 1975 komt de soort ook voor bij Loch Lomond in Schotland. - De soort wordt in Europa ook gehouden, vaak op (particuliere) kinderboerderijen, dierentuinen, maar ook als huisdier. Recentelijk zijn er in Nederland aanrijdingen geweest met wallabies zodat het vermoeden bestaat dat er hier enkele ontsnapte exemplaren vrij rondlopen. In het zuidelijke natuur- en landbouwgebied van Duurswold is tussen Froombosch en Woudbloem in het vroege voorjaar van 2010 een groepje van vier Bennettwallabies gesignaleerd.', 1, 1, 1, 1, 12, 16, 21);
INSERT INTO `ZooStart`.`Dieren` (`idDieren`, `Naam`, `Genus`, `Omschrijving`, `Status_id`, `Rijk_id`, `Stam_id`, `Klasse_id`, `Orde_id`, `Familie_id`, `Geslacht_id`) VALUES (38, 'King', 1, 'De berggorilla (Gorilla beringei beringei) is een ondersoort van de oostelijke gorilla die leeft in het Virungagebergte, dat zich uitspreidt over Congo, Oeganda en Rwanda. Het is de grootste van de vijf bekende gorillaondersoorten. Vrouwtjes zijn een stuk lichter dan de mannetjes en wegen tussen de 68-114 kg. Het mannetje (de zilverrug) is met 160-210 kg ongeveer 100 kg zwaarder.', 4, 1, 1, 1, 11, 17, 22);
INSERT INTO `ZooStart`.`Dieren` (`idDieren`, `Naam`, `Genus`, `Omschrijving`, `Status_id`, `Rijk_id`, `Stam_id`, `Klasse_id`, `Orde_id`, `Familie_id`, `Geslacht_id`) VALUES (39, 'Kong', 1, 'De berggorilla (Gorilla beringei beringei) is een ondersoort van de oostelijke gorilla die leeft in het Virungagebergte, dat zich uitspreidt over Congo, Oeganda en Rwanda. Het is de grootste van de vijf bekende gorillaondersoorten. Vrouwtjes zijn een stuk lichter dan de mannetjes en wegen tussen de 68-114 kg. Het mannetje (de zilverrug) is met 160-210 kg ongeveer 100 kg zwaarder.', 4, 1, 1, 1, 11, 17, 22);
INSERT INTO `ZooStart`.`Dieren` (`idDieren`, `Naam`, `Genus`, `Omschrijving`, `Status_id`, `Rijk_id`, `Stam_id`, `Klasse_id`, `Orde_id`, `Familie_id`, `Geslacht_id`) VALUES (40, 'Knabbel', 1, 'De Beverrat of Nutria is een groot knaagdier, dat erg op een rat lijkt. Ze leven in moerassige gebieden en rivieren, maar ook bij kusten.', 1, 1, 1, 1, 13, 18, 23);
INSERT INTO `ZooStart`.`Dieren` (`idDieren`, `Naam`, `Genus`, `Omschrijving`, `Status_id`, `Rijk_id`, `Stam_id`, `Klasse_id`, `Orde_id`, `Familie_id`, `Geslacht_id`) VALUES (41, 'Babbel', 1, 'De Beverrat of Nutria is een groot knaagdier, dat erg op een rat lijkt. Ze leven in moerassige gebieden en rivieren, maar ook bij kusten.', 1, 1, 1, 1, 13, 18, 23);
INSERT INTO `ZooStart`.`Dieren` (`idDieren`, `Naam`, `Genus`, `Omschrijving`, `Status_id`, `Rijk_id`, `Stam_id`, `Klasse_id`, `Orde_id`, `Familie_id`, `Geslacht_id`) VALUES (42, 'Marcel', 0, 'Het Birmaans lierhert is een ondersoort van het gewone lierhert. In totaal zijn er 3 ondersoorten: Birmaans lierhert (Rucervus eldii thamin), Thais lierhert (Rucervus eldii siamensis) en het Indische lierhert (Rucervus eldii eldii). - Het lierhert heeft een bruine vacht die s winters donkerder is gekleurd. Jonge lierherten hebben een witgevlekte vacht. Mannetjes en vrouwtjes zijn ook makkelijk uit elkaar te houden, natuurlijk kwa gewei maar de vrouwtjes zijn meestal ook lichter van kleur. Ze zijn meestal 110-120 cm groot en wegen zo n 80 tot 150 kilogram, mannetjes zijn vaak veel zwaarder dan vrouwtjes. - Hij leeft vooral in moerassige streken waar hij sterk wordt bedreigd en op sommige plaatsen al is uitgestorven. Hij leeft van de grassen en bladeren die daar groeien.', 3, 1, 1, 1, 3, 13, 24);
INSERT INTO `ZooStart`.`Dieren` (`idDieren`, `Naam`, `Genus`, `Omschrijving`, `Status_id`, `Rijk_id`, `Stam_id`, `Klasse_id`, `Orde_id`, `Familie_id`, `Geslacht_id`) VALUES (43, 'Flip', 0, 'De blauwgele ara, een zeer bijzondere en populaire vogelsoort, is een grote papegaai uit de amazone en enkele ander plekken in Zuid- en Midden-Amerika. Blauwgele aras worden ongeveer 76-86 centimeter lang en wegen tot 900-1300 gram. Ze worden gekenmerkt door hun kleurrijke vertoning met blauw en olijfgele vleugels en staart en een groene tip op de kop van de papegaai. De keel en borst is olijfgeel gekleurd. Hun snavel is zwart en zeer krachtig en in staat om grote noten te kraken. De irissen van de ogen zijn lichtgeel. De huid rondom de ogen en de snavel is naakt en wit van kleur. Bij opgewonden of gestreste vogels kan dit echter rossig van kleur zijn. Op de naakte huid zijn kleine donkere lijntjes te zien die worden veroorzaakt door korte stoppelige zwarte veertjes. Deze veerlijntjes komen samen bij de neus en keel. De krachtige poten zijn donkergrijs. - Ze eten noten, zaden, fruit maar ook klei om giffen te nutraliseren, ook eten ze amandel, palmnoten, boomschors en nectar. Het uitgebreide dieet is handig in de amazone, waar veel concurrentie is. De mannen en de poppen vormen een koppel voor het leven en nestelen in boomholten. De broedtijd ligt aan de herkomst, noordelijke populaties broeden vroeger dan zuidelijke. - Naast het regenwoud komt hij ook voor in droge bossen en savannes, maar ook bij rivieren en nevelwoud. Hoewel de vogel officieel niet bedreigd is, gaat het aantal achteruit, en in gevangenschap kweken ze zelden, meestal bij professionele kwekers of dierentuinen. Helaas worden ze nog veel uit het wild gehaald.', 1, 1, 1, 2, 14, 19, 25);
INSERT INTO `ZooStart`.`Dieren` (`idDieren`, `Naam`, `Genus`, `Omschrijving`, `Status_id`, `Rijk_id`, `Stam_id`, `Klasse_id`, `Orde_id`, `Familie_id`, `Geslacht_id`) VALUES (44, 'Flup', 0, 'De blauwgele ara, een zeer bijzondere en populaire vogelsoort, is een grote papegaai uit de amazone en enkele ander plekken in Zuid- en Midden-Amerika. Blauwgele aras worden ongeveer 76-86 centimeter lang en wegen tot 900-1300 gram. Ze worden gekenmerkt door hun kleurrijke vertoning met blauw en olijfgele vleugels en staart en een groene tip op de kop van de papegaai. De keel en borst is olijfgeel gekleurd. Hun snavel is zwart en zeer krachtig en in staat om grote noten te kraken. De irissen van de ogen zijn lichtgeel. De huid rondom de ogen en de snavel is naakt en wit van kleur. Bij opgewonden of gestreste vogels kan dit echter rossig van kleur zijn. Op de naakte huid zijn kleine donkere lijntjes te zien die worden veroorzaakt door korte stoppelige zwarte veertjes. Deze veerlijntjes komen samen bij de neus en keel. De krachtige poten zijn donkergrijs. - Ze eten noten, zaden, fruit maar ook klei om giffen te nutraliseren, ook eten ze amandel, palmnoten, boomschors en nectar. Het uitgebreide dieet is handig in de amazone, waar veel concurrentie is. De mannen en de poppen vormen een koppel voor het leven en nestelen in boomholten. De broedtijd ligt aan de herkomst, noordelijke populaties broeden vroeger dan zuidelijke. - Naast het regenwoud komt hij ook voor in droge bossen en savannes, maar ook bij rivieren en nevelwoud. Hoewel de vogel officieel niet bedreigd is, gaat het aantal achteruit, en in gevangenschap kweken ze zelden, meestal bij professionele kwekers of dierentuinen. Helaas worden ze nog veel uit het wild gehaald.', 1, 1, 1, 2, 14, 19, 25);
INSERT INTO `ZooStart`.`Dieren` (`idDieren`, `Naam`, `Genus`, `Omschrijving`, `Status_id`, `Rijk_id`, `Stam_id`, `Klasse_id`, `Orde_id`, `Familie_id`, `Geslacht_id`) VALUES (45, 'Flap', 1, 'De blauwgele ara, een zeer bijzondere en populaire vogelsoort, is een grote papegaai uit de amazone en enkele ander plekken in Zuid- en Midden-Amerika. Blauwgele aras worden ongeveer 76-86 centimeter lang en wegen tot 900-1300 gram. Ze worden gekenmerkt door hun kleurrijke vertoning met blauw en olijfgele vleugels en staart en een groene tip op de kop van de papegaai. De keel en borst is olijfgeel gekleurd. Hun snavel is zwart en zeer krachtig en in staat om grote noten te kraken. De irissen van de ogen zijn lichtgeel. De huid rondom de ogen en de snavel is naakt en wit van kleur. Bij opgewonden of gestreste vogels kan dit echter rossig van kleur zijn. Op de naakte huid zijn kleine donkere lijntjes te zien die worden veroorzaakt door korte stoppelige zwarte veertjes. Deze veerlijntjes komen samen bij de neus en keel. De krachtige poten zijn donkergrijs. - Ze eten noten, zaden, fruit maar ook klei om giffen te nutraliseren, ook eten ze amandel, palmnoten, boomschors en nectar. Het uitgebreide dieet is handig in de amazone, waar veel concurrentie is. De mannen en de poppen vormen een koppel voor het leven en nestelen in boomholten. De broedtijd ligt aan de herkomst, noordelijke populaties broeden vroeger dan zuidelijke. - Naast het regenwoud komt hij ook voor in droge bossen en savannes, maar ook bij rivieren en nevelwoud. Hoewel de vogel officieel niet bedreigd is, gaat het aantal achteruit, en in gevangenschap kweken ze zelden, meestal bij professionele kwekers of dierentuinen. Helaas worden ze nog veel uit het wild gehaald.', 1, 1, 1, 2, 14, 19, 25);
INSERT INTO `ZooStart`.`Dieren` (`idDieren`, `Naam`, `Genus`, `Omschrijving`, `Status_id`, `Rijk_id`, `Stam_id`, `Klasse_id`, `Orde_id`, `Familie_id`, `Geslacht_id`) VALUES (46, 'Alexandra', 1, 'Bonobos leven uitsluitend in het woud ten zuiden van de Kongostroom in Congo. Door hun beperkt leefgebied, de onstabiele situatie in het land, legale en illegale houtkap en stroperij zijn ze de meest bedreigde mensapensoort.', 3, 1, 1, 1, 11, 17, 26);
INSERT INTO `ZooStart`.`Dieren` (`idDieren`, `Naam`, `Genus`, `Omschrijving`, `Status_id`, `Rijk_id`, `Stam_id`, `Klasse_id`, `Orde_id`, `Familie_id`, `Geslacht_id`) VALUES (47, 'Elektra', 1, 'Bonobos leven uitsluitend in het woud ten zuiden van de Kongostroom in Congo. Door hun beperkt leefgebied, de onstabiele situatie in het land, legale en illegale houtkap en stroperij zijn ze de meest bedreigde mensapensoort.', 3, 1, 1, 1, 11, 17, 26);
INSERT INTO `ZooStart`.`Dieren` (`idDieren`, `Naam`, `Genus`, `Omschrijving`, `Status_id`, `Rijk_id`, `Stam_id`, `Klasse_id`, `Orde_id`, `Familie_id`, `Geslacht_id`) VALUES (48, 'Bart', 0, 'De Borneose orang-oetan heeft een donkere oranjerode vacht. Hij heeft zeer lange armen en sterke grijphanden en -voeten, een aanpassing aan het leven in bomen. De Borneose orang-oetan wordt 90 tot 100 centimeter lang en 40 tot 80 kilogram zwaar. - Mannetjes worden veel groter dan vrouwtjes. Een mannetje had een lengte van 180 centimeter. Ook hebben mannetjes opvallende grote wangkwabben, een keelzak en een korte, oranje tot rode baard, die bij de vrouwtjes ontbreken. De kwabben zijn kaal en bol, in tegenstelling tot die van de Sumatraanse soort, waarbij de kwabben behaard zijn en langs het gezicht lopen.', 3, 1, 1, 1, 11, 17, 27);
INSERT INTO `ZooStart`.`Dieren` (`idDieren`, `Naam`, `Genus`, `Omschrijving`, `Status_id`, `Rijk_id`, `Stam_id`, `Klasse_id`, `Orde_id`, `Familie_id`, `Geslacht_id`) VALUES (49, 'Mieke', 1, 'De Borneose orang-oetan heeft een donkere oranjerode vacht. Hij heeft zeer lange armen en sterke grijphanden en -voeten, een aanpassing aan het leven in bomen. De Borneose orang-oetan wordt 90 tot 100 centimeter lang en 40 tot 80 kilogram zwaar. - Mannetjes worden veel groter dan vrouwtjes. Een mannetje had een lengte van 180 centimeter. Ook hebben mannetjes opvallende grote wangkwabben, een keelzak en een korte, oranje tot rode baard, die bij de vrouwtjes ontbreken. De kwabben zijn kaal en bol, in tegenstelling tot die van de Sumatraanse soort, waarbij de kwabben behaard zijn en langs het gezicht lopen.', 3, 1, 1, 1, 11, 17, 27);
INSERT INTO `ZooStart`.`Dieren` (`idDieren`, `Naam`, `Genus`, `Omschrijving`, `Status_id`, `Rijk_id`, `Stam_id`, `Klasse_id`, `Orde_id`, `Familie_id`, `Geslacht_id`) VALUES (50, 'Pook', 0, 'De brilbeer (Tremarctos ornatu) is de enige berensoort die in Zuid-Amerika leeft. Deze beer word ook wel de Andes beer genoemd omdat dit dier aan de voet van de Andes leeft. - Brilberen zijn voornamelijk vegetariërs. Ze hebben zware kaken, waarmee ze zelfs de taaiste planten kunnen fijnmalen. Lage begroeiing wordt eenvoudig uit de grond getrokken en stukgekauwd, waarbij cactusdoorns of de stekelige bladranden van bromelia’s hem niet deren. Boomvruchten weten ze te bereiken door over een tak te lopen en andere takken te buigen en naar zich toe te trekken. Vaak maken ze een eenvoudig boomplatform van soms wel meer dan 5 m doorsnede om op te slapen en te eten. Verder eten ze ook wel insecten, vogels, eieren, kleine zoogdieren en aas. Ook akkers worden weleens bezocht en geplunderd, voornamelijk mais. Ook kippen worden gestolen, wat hun niet in dank wordt afgenomen, waardoor ze vaak worden gedood. - Deze dieren zijn territoriaal maar zijn niet solitair levende beren ze kunnen best samen leven in een omgeving, bijvoorbeeld een dierentuin. De draagtijd is 8 maanden tijdens de paartijd leven man & vrouw 2 weken samen.', 2, 1, 1, 1, 5, 20, 28);
INSERT INTO `ZooStart`.`Dieren` (`idDieren`, `Naam`, `Genus`, `Omschrijving`, `Status_id`, `Rijk_id`, `Stam_id`, `Klasse_id`, `Orde_id`, `Familie_id`, `Geslacht_id`) VALUES (51, 'Brul', 0, 'De brilbeer (Tremarctos ornatu) is de enige berensoort die in Zuid-Amerika leeft. Deze beer word ook wel de Andes beer genoemd omdat dit dier aan de voet van de Andes leeft. - Brilberen zijn voornamelijk vegetariërs. Ze hebben zware kaken, waarmee ze zelfs de taaiste planten kunnen fijnmalen. Lage begroeiing wordt eenvoudig uit de grond getrokken en stukgekauwd, waarbij cactusdoorns of de stekelige bladranden van bromelia’s hem niet deren. Boomvruchten weten ze te bereiken door over een tak te lopen en andere takken te buigen en naar zich toe te trekken. Vaak maken ze een eenvoudig boomplatform van soms wel meer dan 5 m doorsnede om op te slapen en te eten. Verder eten ze ook wel insecten, vogels, eieren, kleine zoogdieren en aas. Ook akkers worden weleens bezocht en geplunderd, voornamelijk mais. Ook kippen worden gestolen, wat hun niet in dank wordt afgenomen, waardoor ze vaak worden gedood. - Deze dieren zijn territoriaal maar zijn niet solitair levende beren ze kunnen best samen leven in een omgeving, bijvoorbeeld een dierentuin. De draagtijd is 8 maanden tijdens de paartijd leven man & vrouw 2 weken samen.', 2, 1, 1, 1, 5, 20, 28);
INSERT INTO `ZooStart`.`Dieren` (`idDieren`, `Naam`, `Genus`, `Omschrijving`, `Status_id`, `Rijk_id`, `Stam_id`, `Klasse_id`, `Orde_id`, `Familie_id`, `Geslacht_id`) VALUES (52, 'Zino', 0, 'De vacht van dit gordeldier bestaat uit lange stijve haren, die tussen de ongeveer 18 gordelbanden uitsteken. Daarvan zijn 7 of 8 banden scharnierend, zodat het dier zich als een bal kan oprollen en zijn weke, wit of bruinbehaarde buik kan beschermen. De lichaamslengte bedraagt 22 tot 40 cm, de staartlengte 9 tot 17 cm en het gewicht 1 tot 3 kg.', 1, 1, 1, 1, 15, 21, 29);
INSERT INTO `ZooStart`.`Dieren` (`idDieren`, `Naam`, `Genus`, `Omschrijving`, `Status_id`, `Rijk_id`, `Stam_id`, `Klasse_id`, `Orde_id`, `Familie_id`, `Geslacht_id`) VALUES (53, 'Frankske', 0, 'Deze dieren zijn groot en stevig gebouwd. De geslachten geven elkaar in lichaamsbouw weinig toe, maar de mannetjes worden wel dubbel zo zwaar als de meer tengere, wat kleinere vrouwtjes. De dikke vacht is meestal donkerbruin, maar kan variëren van blond tot zwart. Aan de sterke voorpoten bevinden zich lange, niet intrekbare klauwen.Verder hebben ze een opvallende schouderbult. De lichaamslengte bedraagt 1,7 tot 2,8 m, de staartlengte is 5 tot 20 cm en het gewicht 100 tot 1000 kg.', 1, 1, 1, 1, 5, 20, 30);
INSERT INTO `ZooStart`.`Dieren` (`idDieren`, `Naam`, `Genus`, `Omschrijving`, `Status_id`, `Rijk_id`, `Stam_id`, `Klasse_id`, `Orde_id`, `Familie_id`, `Geslacht_id`) VALUES (54, 'Francine', 1, 'Er zijn 5 cheeta (of jachtluipaard) soorten (volgens het IUCN). Vier van deze ondersoorten zijn te vinden in Afrika: Saharacheeta (Acinonyx jubatus hecki), Oost-Afrikaanse cheeta (Acinonyx jubatus raineyii), Noordoost-Afrikaanse cheeta (Acinonyx jubatus soemmeringii) en de Zuid-Afrikaanse cheeta (Acinonyx jubatus jubatus). Er is ook een Aziatische soort die in Iran leeft, nl. de Aziatische cheeta (Acinonyx jubatus venaticus). - De cheeta leeft het liefst op droge, open savannen. En dan nog liever waar genoeg prooidieren zijn en natuurlijk een open terrein zodat hij zijn wapen kan gebruiken: zijn snelheid. Als er dan ook nog wat struikjes zijn vanwaar hij zijn prooi kan besluipen is het helemaal perfect. - Voordat de cheeta gaat jagen heeft hij vaak al de omgeving onderzocht vanuit een rotspartij of omgevallen boom. Daarna besluipt hij zijn prooi, dit zijn vaak kleine tot middelgrote antilopen. Als dicht genoeg in de buurt van zijn prooi is valt hij aan, hij rent dan met ongeveer 70 km/uur achter zijn prooi aan omdat hij zijn topsnelheid van 100 km/uur meestal maar 500 m vol kan houden. Zijn prooi probeert met korte bochtjes te ontkomen aan de cheeta maar door zijn staart die hem in evenwicht houd kan hij snel van richting veranderen en is er meestal geen ontkomen aan voor de antilopen. Als hij dichtbij genoeg is probeert hij zijn prooi te laten struikelen door met zijn voorpoot de achterpoten van de antilopen weg te slaan. De prooi struikelt en direct daarna probeert hij zijn prooi te laten stikken door de keel dicht te bijten. - Cheetas leven zowel solitair als in paartjes/familiegroepjes. Soms komt het voor dat twee of drie broers samen een territorium gaan beschermen en ook samen jagen. Hierbij doden ze vaak grotere prooien dan dat ze alleen zouden doen. Een vrouwtje gaat meestal opzoek naar een mannetje dat in een nabijgelegen gebied leeft. Of ze paart met een rondtrekkend mannetje. Na ongeveer negentig dagen wordt er dan een nestje van 2 tot 5 dieren geboren in een schuilplaats.', 2, 1, 1, 1, 5, 5, 31);
INSERT INTO `ZooStart`.`Dieren` (`idDieren`, `Naam`, `Genus`, `Omschrijving`, `Status_id`, `Rijk_id`, `Stam_id`, `Klasse_id`, `Orde_id`, `Familie_id`, `Geslacht_id`) VALUES (55, 'Erik', 0, 'Er zijn 5 cheeta (of jachtluipaard) soorten (volgens het IUCN). Vier van deze ondersoorten zijn te vinden in Afrika: Saharacheeta (Acinonyx jubatus hecki), Oost-Afrikaanse cheeta (Acinonyx jubatus raineyii), Noordoost-Afrikaanse cheeta (Acinonyx jubatus soemmeringii) en de Zuid-Afrikaanse cheeta (Acinonyx jubatus jubatus). Er is ook een Aziatische soort die in Iran leeft, nl. de Aziatische cheeta (Acinonyx jubatus venaticus). - De cheeta leeft het liefst op droge, open savannen. En dan nog liever waar genoeg prooidieren zijn en natuurlijk een open terrein zodat hij zijn wapen kan gebruiken: zijn snelheid. Als er dan ook nog wat struikjes zijn vanwaar hij zijn prooi kan besluipen is het helemaal perfect. - Voordat de cheeta gaat jagen heeft hij vaak al de omgeving onderzocht vanuit een rotspartij of omgevallen boom. Daarna besluipt hij zijn prooi, dit zijn vaak kleine tot middelgrote antilopen. Als dicht genoeg in de buurt van zijn prooi is valt hij aan, hij rent dan met ongeveer 70 km/uur achter zijn prooi aan omdat hij zijn topsnelheid van 100 km/uur meestal maar 500 m vol kan houden. Zijn prooi probeert met korte bochtjes te ontkomen aan de cheeta maar door zijn staart die hem in evenwicht houd kan hij snel van richting veranderen en is er meestal geen ontkomen aan voor de antilopen. Als hij dichtbij genoeg is probeert hij zijn prooi te laten struikelen door met zijn voorpoot de achterpoten van de antilopen weg te slaan. De prooi struikelt en direct daarna probeert hij zijn prooi te laten stikken door de keel dicht te bijten. - Cheetas leven zowel solitair als in paartjes/familiegroepjes. Soms komt het voor dat twee of drie broers samen een territorium gaan beschermen en ook samen jagen. Hierbij doden ze vaak grotere prooien dan dat ze alleen zouden doen. Een vrouwtje gaat meestal opzoek naar een mannetje dat in een nabijgelegen gebied leeft. Of ze paart met een rondtrekkend mannetje. Na ongeveer negentig dagen wordt er dan een nestje van 2 tot 5 dieren geboren in een schuilplaats.', 2, 1, 1, 1, 5, 5, 31);
INSERT INTO `ZooStart`.`Dieren` (`idDieren`, `Naam`, `Genus`, `Omschrijving`, `Status_id`, `Rijk_id`, `Stam_id`, `Klasse_id`, `Orde_id`, `Familie_id`, `Geslacht_id`) VALUES (56, 'Francis', 0, 'Er zijn 5 cheeta (of jachtluipaard) soorten (volgens het IUCN). Vier van deze ondersoorten zijn te vinden in Afrika: Saharacheeta (Acinonyx jubatus hecki), Oost-Afrikaanse cheeta (Acinonyx jubatus raineyii), Noordoost-Afrikaanse cheeta (Acinonyx jubatus soemmeringii) en de Zuid-Afrikaanse cheeta (Acinonyx jubatus jubatus). Er is ook een Aziatische soort die in Iran leeft, nl. de Aziatische cheeta (Acinonyx jubatus venaticus). - De cheeta leeft het liefst op droge, open savannen. En dan nog liever waar genoeg prooidieren zijn en natuurlijk een open terrein zodat hij zijn wapen kan gebruiken: zijn snelheid. Als er dan ook nog wat struikjes zijn vanwaar hij zijn prooi kan besluipen is het helemaal perfect. - Voordat de cheeta gaat jagen heeft hij vaak al de omgeving onderzocht vanuit een rotspartij of omgevallen boom. Daarna besluipt hij zijn prooi, dit zijn vaak kleine tot middelgrote antilopen. Als dicht genoeg in de buurt van zijn prooi is valt hij aan, hij rent dan met ongeveer 70 km/uur achter zijn prooi aan omdat hij zijn topsnelheid van 100 km/uur meestal maar 500 m vol kan houden. Zijn prooi probeert met korte bochtjes te ontkomen aan de cheeta maar door zijn staart die hem in evenwicht houd kan hij snel van richting veranderen en is er meestal geen ontkomen aan voor de antilopen. Als hij dichtbij genoeg is probeert hij zijn prooi te laten struikelen door met zijn voorpoot de achterpoten van de antilopen weg te slaan. De prooi struikelt en direct daarna probeert hij zijn prooi te laten stikken door de keel dicht te bijten. - Cheetas leven zowel solitair als in paartjes/familiegroepjes. Soms komt het voor dat twee of drie broers samen een territorium gaan beschermen en ook samen jagen. Hierbij doden ze vaak grotere prooien dan dat ze alleen zouden doen. Een vrouwtje gaat meestal opzoek naar een mannetje dat in een nabijgelegen gebied leeft. Of ze paart met een rondtrekkend mannetje. Na ongeveer negentig dagen wordt er dan een nestje van 2 tot 5 dieren geboren in een schuilplaats.', 2, 1, 1, 1, 5, 5, 31);
INSERT INTO `ZooStart`.`Dieren` (`idDieren`, `Naam`, `Genus`, `Omschrijving`, `Status_id`, `Rijk_id`, `Stam_id`, `Klasse_id`, `Orde_id`, `Familie_id`, `Geslacht_id`) VALUES (57, 'Jack', 0, 'De Chinese muntjak komt van oorsprong uit China. De soort is op enkele plaatsen in Europa ingevoerd en leven in nationale parken. Hij is uitgezet in o.a England, Frankrijk en hij komt zelfs voor in Nederland (Veluwe). Vooral in Engeland is het dier vrij algemeen en zijn verspreidingsgebied wordt steeds groter. - De muntjak is een klein dier met een hoogte van circa 45 tot 52 centimeter. Het mannetje is wat steviger gebouwd dan het vrouwtje en is vaak ook zwaarder, zo n 15 kilogram. Vrouwtjes zijn gemiddeld 12 kilogram zwaar. - Het dier leeft over het algemeen solitair. Moeder en jong blijven meestal wel een tijdje bij elkaar en vormen zo een paar familiegroepjes. Ze eten voornamelijk bladeren, vrouchten, noten en bessen. De dieren zijn zowel overdag als s nachts actief aan het zoeken naar voedsel maar zijn vooral bij schemering te zien. - Na de paring is er een draagtijd van ongeveer 210 dagen. Soms heeft een vrouwtje twee worpen in één jaar. Na de geboorte heeft het jong een geelgevlekte vacht, die dient ter camouflage. De zoogtijd duurt meestal zo n twaalf weken. Ze worden na een paar maanden al geslachtsrijp. De oudst bekende leeftijd is 19 jaar in gevangenschap.', 1, 1, 1, 1, 3, 13, 32);
INSERT INTO `ZooStart`.`Dieren` (`idDieren`, `Naam`, `Genus`, `Omschrijving`, `Status_id`, `Rijk_id`, `Stam_id`, `Klasse_id`, `Orde_id`, `Familie_id`, `Geslacht_id`) VALUES (58, 'Jacky', 1, 'De Chinese muntjak komt van oorsprong uit China. De soort is op enkele plaatsen in Europa ingevoerd en leven in nationale parken. Hij is uitgezet in o.a England, Frankrijk en hij komt zelfs voor in Nederland (Veluwe). Vooral in Engeland is het dier vrij algemeen en zijn verspreidingsgebied wordt steeds groter. - De muntjak is een klein dier met een hoogte van circa 45 tot 52 centimeter. Het mannetje is wat steviger gebouwd dan het vrouwtje en is vaak ook zwaarder, zo n 15 kilogram. Vrouwtjes zijn gemiddeld 12 kilogram zwaar. - Het dier leeft over het algemeen solitair. Moeder en jong blijven meestal wel een tijdje bij elkaar en vormen zo een paar familiegroepjes. Ze eten voornamelijk bladeren, vrouchten, noten en bessen. De dieren zijn zowel overdag als s nachts actief aan het zoeken naar voedsel maar zijn vooral bij schemering te zien. - Na de paring is er een draagtijd van ongeveer 210 dagen. Soms heeft een vrouwtje twee worpen in één jaar. Na de geboorte heeft het jong een geelgevlekte vacht, die dient ter camouflage. De zoogtijd duurt meestal zo n twaalf weken. Ze worden na een paar maanden al geslachtsrijp. De oudst bekende leeftijd is 19 jaar in gevangenschap.', 1, 1, 1, 1, 3, 13, 32);
INSERT INTO `ZooStart`.`Dieren` (`idDieren`, `Naam`, `Genus`, `Omschrijving`, `Status_id`, `Rijk_id`, `Stam_id`, `Klasse_id`, `Orde_id`, `Familie_id`, `Geslacht_id`) VALUES (59, 'Frits', 0, 'De hutia (Capromyidae) komt in de natuur voor in het Caribisch gebied en met name op de antillen.De hutia is een knaagdier die thuishoort in de familie van schijnratachtigen.Vroeger waren er vele soorten hutia’s in het Caraïbisch gebied. Ze konden zich verspreiden via de toen bestaande landbruggen tussen verschillende eilanden. De meeste hutia soorten zijn nachtdieren maar de Cubaanse hutia is ook overdag actief. De diertjes zijn bijna continu aan het knagen en het maakt niet echt uit wat.', 1, 1, 1, 1, 13, 22, 33);
INSERT INTO `ZooStart`.`Dieren` (`idDieren`, `Naam`, `Genus`, `Omschrijving`, `Status_id`, `Rijk_id`, `Stam_id`, `Klasse_id`, `Orde_id`, `Familie_id`, `Geslacht_id`) VALUES (60, 'Freddy', 0, 'De hutia (Capromyidae) komt in de natuur voor in het Caribisch gebied en met name op de antillen.De hutia is een knaagdier die thuishoort in de familie van schijnratachtigen.Vroeger waren er vele soorten hutia’s in het Caraïbisch gebied. Ze konden zich verspreiden via de toen bestaande landbruggen tussen verschillende eilanden. De meeste hutia soorten zijn nachtdieren maar de Cubaanse hutia is ook overdag actief. De diertjes zijn bijna continu aan het knagen en het maakt niet echt uit wat.', 1, 1, 1, 1, 13, 22, 33);
INSERT INTO `ZooStart`.`Dieren` (`idDieren`, `Naam`, `Genus`, `Omschrijving`, `Status_id`, `Rijk_id`, `Stam_id`, `Klasse_id`, `Orde_id`, `Familie_id`, `Geslacht_id`) VALUES (61, 'Dambi', 0, 'Het damhert is groter dan een ree en kleiner dan een edelhert. De kop-romplengte is 130 tot 170 centimeter en de schofthoogte 85 tot 110 centimeter. Het damhert kan 45 tot 100 kilogram zwaar worden, bij hoge uitzondering tot 130 kilogram. De staart is vrij lang: 16 tot 19 centimeter. Het mannetje (hertenbok of schoffelaar genaamd - aan schaufler, Duits jagersjargon, ontleend -, naar de vorm van het gewei van volwassen dieren) wordt over het algemeen zwaarder dan het vrouwtje (hinde genaamd).', 1, 1, 1, 1, 3, 13, 34);
INSERT INTO `ZooStart`.`Dieren` (`idDieren`, `Naam`, `Genus`, `Omschrijving`, `Status_id`, `Rijk_id`, `Stam_id`, `Klasse_id`, `Orde_id`, `Familie_id`, `Geslacht_id`) VALUES (62, 'Smiley', 1, 'De dwerggriend (Feresa attenuata) is een walvis uit de familie der dolfijnen (Delphinidae). Hij komt wereldwijd voor in alle tropische en subtropische wateren. De dwerggriend is de enige soort uit het geslacht Feresa en de kleinste soort uit de onderfamilie der zwartvissen (Globicephalinae), waar onder andere ook de griend, de orka en de witlipdolfijn toe behoren. De dwerggriend wordt zelden waargenomen en er is weinig over hem bekend. - De dwerggriend is een slanke dolfijn met een ronde kop zonder duidelijke meloen of snavel. Hij heeft acht tot elf paar tanden in de bovenkaak en elf tot dertien tanden in de onderkaak. De voorzijde is breder dan de achterzijde. Hij is donkergrijs op de rug met een blauwig grijze tot zwarte zweem. Over de rug, van de kop tot de rugvin, loopt een brede, donkere streep die vanaf de rugvin richting de flanken loopt en daar ophoudt. Een wit vlak loopt van de keel tot de anus en ook de lippen zijn wit. De flippers zijn lang, gebogen en lichtelijk afgerond aan de punten. De rugvin is hoog, sikkelvormig, aan de top afgerond en in het midden van de rug geplaatst. De staart is breed en driehoekig. Vrouwtjes zijn iets kleiner dan mannetjes: vrouwtjes zijn 210 tot 270 cm lang, mannetjes 200 tot 290 cm. Het lichaamsgewicht ligt voor beide geslachten tussen de 130 en 170 kg. - De soort lijkt veel op de witlipdolfijn (Peponocephala electra). Het verspreidingsgebied van deze twee soorten overlapt grotendeels. Het grootste verschil is de vorm van de kop: de dwerggriend heeft een ronde kop, de witlipdolfijn een slanke, puntige. Ook heeft de dwerggriend afgeronde flippers, terwijl die van de witlipdolfijn puntig zijn, en is de holte achter de rugvin bij de dwerggriend donkerder. De dwerggriend leeft op open zee in alle tropische en subtropische zeeën en oceanen. Hij is zeldzamer in gematigd warme wateren. De soort wordt het vaakst waargenomen voor de kust van Zuid-Japan, Hawaï, Dominica, Saint Vincent en Zuid-Afrika. - De dwerggriend leeft in groepen van gemiddeld vijfentwintig, maximaal vijftig dieren. Hij maakt klikkende en fluitende geluiden. Ook is een brullend geluid bekend, dat waarschijnlijk met het spuitgat wordt gemaakt. Boten worden over het algemeen vermeden, maar surfen op de boeggolven is waargenomen. De soort geldt als een zeer agressieve walvisachtige, die in gevangenschap verzorgers aanvalt en in het wild moeilijk benaderbaar is. Andere dolfijnensoorten vormen een mogelijke prooi en maken schrikreacties bij het zien van een dwerggriend. Het is in de Zuidelijke Atlantische Oceaan en in de Stille Oceaan waargenomen dat een groep dwerggrienden andere, kleinere dolfijnen aanviel en opat. Volgens onderzoeken aan gestrande dieren vormen inktvissen en kleine visjes echter de belangrijkste prooidieren. Er is weinig over de voortplanting bekend. Jongen zijn bij de geboorte zo n 70 tot 80 cm lang. - Over de aantallen dwerggrienden is weinig bekend, maar men gaat ervan uit dat de soort van nature niet algemeen is. Het aantal in de Oostelijke Stille Oceaan werd in 1993 geschat op minder dan veertigduizend dieren. Een relatief groot aantal dwerggrienden is verdronken door verstrikking in drijfnetten. Ook wordt de soort bejaagd voor de kust van Japan. Vooralsnog lijkt de soort veilig.', 6, 1, 1, 1, 16, 23, 35);
INSERT INTO `ZooStart`.`Dieren` (`idDieren`, `Naam`, `Genus`, `Omschrijving`, `Status_id`, `Rijk_id`, `Stam_id`, `Klasse_id`, `Orde_id`, `Familie_id`, `Geslacht_id`) VALUES (63, 'Dunni', 1, 'Het dwergnijlpaard (Hexaprotodon liberiensis) is een kleinere verwant aan het nijlpaard. Deze soort is veel kleiner dan het gewone nijlpaard en heeft zijn ogen meer aan de zijkant van zijn kop. In tegenstelling tot het gewone nijlpaard heeft de dwergnijlpaard zes snijtanden in plaats van vier. Ze blijven ook langer op het land dan het gewone nijlpaard. Daarnaast zijn ze ook zwarter. Als dwergnijlpaarden hebben gepaard, komen ze onder het schuim te zitten. Dit gebeurt om de huid van de nijlpaard vochtig en soepel te houden en om niet uit te drogen. Nijlpaarden zweten een rode vloeistof, waardoor het lijkt dat het dier bloedt. - Bij dwergnijlpaarden is het vrouwtje dominant. Als het mannetje iets doet wat haar niet aanstaat, heeft hij meteen een klap te pakken. Het mannetje is dan ook vaak te herkennen aan de vele littekens die hij heeft. Dwergnijlpaarden zijn zeer solitair levende dieren en zoeken slechts tijdens de paartijd elkaars gezelschap op. - Na een draagtijd van zo n 6 a 7 maanden krijgt een dwergnijlpaard meestal 1, maar soms ook 2 jongen. Deze worden wel eens gegrepen door een krokodil of python, maar buiten de mens en luipaarden heeft het dier weinig vijanden. Ze kunnen wel 50 jaar worden, maar in gevangenschap meestal rond de 45 jaar. - Deze solitaire soort eet vooral korte grassen, struiken, varens en vruchten. Hun leefgebieden overlappen elkaar vaak, maar dat leidt meestal niet tot gevechten of andere interacties. Ze zijn nachtactief en volgen een vaste route tijdens hun zoektocht naar voedsel. Overdag schuilen ze in moerassen of in een nest in een rivieroever, dat vaak uitgebouwd is door een ander dier.', 3, 1, 1, 1, 3, 24, 36);
INSERT INTO `ZooStart`.`Dieren` (`idDieren`, `Naam`, `Genus`, `Omschrijving`, `Status_id`, `Rijk_id`, `Stam_id`, `Klasse_id`, `Orde_id`, `Familie_id`, `Geslacht_id`) VALUES (64, 'Dickie', 0, 'Het dwergnijlpaard (Hexaprotodon liberiensis) is een kleinere verwant aan het nijlpaard. Deze soort is veel kleiner dan het gewone nijlpaard en heeft zijn ogen meer aan de zijkant van zijn kop. In tegenstelling tot het gewone nijlpaard heeft de dwergnijlpaard zes snijtanden in plaats van vier. Ze blijven ook langer op het land dan het gewone nijlpaard. Daarnaast zijn ze ook zwarter. Als dwergnijlpaarden hebben gepaard, komen ze onder het schuim te zitten. Dit gebeurt om de huid van de nijlpaard vochtig en soepel te houden en om niet uit te drogen. Nijlpaarden zweten een rode vloeistof, waardoor het lijkt dat het dier bloedt. - Bij dwergnijlpaarden is het vrouwtje dominant. Als het mannetje iets doet wat haar niet aanstaat, heeft hij meteen een klap te pakken. Het mannetje is dan ook vaak te herkennen aan de vele littekens die hij heeft. Dwergnijlpaarden zijn zeer solitair levende dieren en zoeken slechts tijdens de paartijd elkaars gezelschap op. - Na een draagtijd van zo n 6 a 7 maanden krijgt een dwergnijlpaard meestal 1, maar soms ook 2 jongen. Deze worden wel eens gegrepen door een krokodil of python, maar buiten de mens en luipaarden heeft het dier weinig vijanden. Ze kunnen wel 50 jaar worden, maar in gevangenschap meestal rond de 45 jaar. - Deze solitaire soort eet vooral korte grassen, struiken, varens en vruchten. Hun leefgebieden overlappen elkaar vaak, maar dat leidt meestal niet tot gevechten of andere interacties. Ze zijn nachtactief en volgen een vaste route tijdens hun zoektocht naar voedsel. Overdag schuilen ze in moerassen of in een nest in een rivieroever, dat vaak uitgebouwd is door een ander dier.', 3, 1, 1, 1, 3, 24, 36);
INSERT INTO `ZooStart`.`Dieren` (`idDieren`, `Naam`, `Genus`, `Omschrijving`, `Status_id`, `Rijk_id`, `Stam_id`, `Klasse_id`, `Orde_id`, `Familie_id`, `Geslacht_id`) VALUES (65, 'Lilly', 1, 'De Ellipswaterbok is een van de 2 ondersoorten van de waterbok. Je hebt dus de Elipswaterbok maar je hebt ook nog de Defassawaterbok. Deze 2 soorten lijken heel erg op elkaar maar er is één belangrijk verschil. Namelijk dat de ellipswaterbok een brede kring rond de staart heeft en de defassawaterbok heeft een witte vlek op de romp (achterwerk). - De waterbok leeft in beboste gebieden, savannes enzovoorts zolang het maar maar een beetje in de nabijheid van water is. De Ellipswaterbok is te vinden in Oost en Zuid-oost Afrika. - Hij leeft vooral van grassen en kruiden, aangevuld met bladeren en vruchten. En drinkt meestal elke dag, natuurlijk doordat hij altijd in de nabijheid van water probeert te zijn. - Het is een echt kuddedier en de kuddes bestaan meestal uit 5 tot 12 dieren. De kudde bestaat uit een dominant mannetje en wat vrouwtjes met hun jongen. Mannetjes die nog geen kudde hebben met vrouwtjes leven vaak in vrijgezellengroepen die een grote van 40 dieren kunnen aannemen. De ellipswaterbok is erg trouw aan zijn leefgebied en blijft hier lange tijd "wonen". Mannetjes zijn daarbij ook erg territoriaal.', 1, 1, 1, 1, 3, 3, 37);
INSERT INTO `ZooStart`.`Dieren` (`idDieren`, `Naam`, `Genus`, `Omschrijving`, `Status_id`, `Rijk_id`, `Stam_id`, `Klasse_id`, `Orde_id`, `Familie_id`, `Geslacht_id`) VALUES (66, 'Max', 0, 'De Ellipswaterbok is een van de 2 ondersoorten van de waterbok. Je hebt dus de Elipswaterbok maar je hebt ook nog de Defassawaterbok. Deze 2 soorten lijken heel erg op elkaar maar er is één belangrijk verschil. Namelijk dat de ellipswaterbok een brede kring rond de staart heeft en de defassawaterbok heeft een witte vlek op de romp (achterwerk). - De waterbok leeft in beboste gebieden, savannes enzovoorts zolang het maar maar een beetje in de nabijheid van water is. De Ellipswaterbok is te vinden in Oost en Zuid-oost Afrika. - Hij leeft vooral van grassen en kruiden, aangevuld met bladeren en vruchten. En drinkt meestal elke dag, natuurlijk doordat hij altijd in de nabijheid van water probeert te zijn. - Het is een echt kuddedier en de kuddes bestaan meestal uit 5 tot 12 dieren. De kudde bestaat uit een dominant mannetje en wat vrouwtjes met hun jongen. Mannetjes die nog geen kudde hebben met vrouwtjes leven vaak in vrijgezellengroepen die een grote van 40 dieren kunnen aannemen. De ellipswaterbok is erg trouw aan zijn leefgebied en blijft hier lange tijd "wonen". Mannetjes zijn daarbij ook erg territoriaal.', 1, 1, 1, 1, 3, 3, 37);
INSERT INTO `ZooStart`.`Dieren` (`idDieren`, `Naam`, `Genus`, `Omschrijving`, `Status_id`, `Rijk_id`, `Stam_id`, `Klasse_id`, `Orde_id`, `Familie_id`, `Geslacht_id`) VALUES (67, 'Donsje1', 1, 'Ezelspinguïns zijn heel gemakkelijk herkenbaar door de brede witte streep die over de top van hun kop loopt. Ze hebben een oranje snavel en de lange, stijve veren van hun staart steken uit als ze lopen. De kuikens hebben een grijze rug met een witte buik. - Volwassen ezelspinguïns bereiken een grootte van 75 tot 80 cm. Mannetjes hebben hun maximum gewicht van ongeveer 8 kg vlak voor het ruien, en minimum van 5,5 kg juist voor het paren. Voor vrouwtjes bedraagt dit maximum 7,5 kg voor het ruien, maar hun minimum valt onder de 5 kg wanneer ze hun jongen verzorgen in het nest. - Ezelspinguïns broeden op vele sub-Antarctische eilanden. De voornaamste kolonies zijn op de Falklands, Zuid-Georgia en de Kerguelen eilanden. De totale broedpopulatie wordt op meer dan 314.000 paren geschat.', 2, 1, 1, 2, 7, 7, 38);
INSERT INTO `ZooStart`.`Dieren` (`idDieren`, `Naam`, `Genus`, `Omschrijving`, `Status_id`, `Rijk_id`, `Stam_id`, `Klasse_id`, `Orde_id`, `Familie_id`, `Geslacht_id`) VALUES (68, 'Donsje2', 1, 'Ezelspinguïns zijn heel gemakkelijk herkenbaar door de brede witte streep die over de top van hun kop loopt. Ze hebben een oranje snavel en de lange, stijve veren van hun staart steken uit als ze lopen. De kuikens hebben een grijze rug met een witte buik. - Volwassen ezelspinguïns bereiken een grootte van 75 tot 80 cm. Mannetjes hebben hun maximum gewicht van ongeveer 8 kg vlak voor het ruien, en minimum van 5,5 kg juist voor het paren. Voor vrouwtjes bedraagt dit maximum 7,5 kg voor het ruien, maar hun minimum valt onder de 5 kg wanneer ze hun jongen verzorgen in het nest. - Ezelspinguïns broeden op vele sub-Antarctische eilanden. De voornaamste kolonies zijn op de Falklands, Zuid-Georgia en de Kerguelen eilanden. De totale broedpopulatie wordt op meer dan 314.000 paren geschat.', 2, 1, 1, 2, 7, 7, 38);
INSERT INTO `ZooStart`.`Dieren` (`idDieren`, `Naam`, `Genus`, `Omschrijving`, `Status_id`, `Rijk_id`, `Stam_id`, `Klasse_id`, `Orde_id`, `Familie_id`, `Geslacht_id`) VALUES (69, 'Flapper1', 0, 'Ezelspinguïns zijn heel gemakkelijk herkenbaar door de brede witte streep die over de top van hun kop loopt. Ze hebben een oranje snavel en de lange, stijve veren van hun staart steken uit als ze lopen. De kuikens hebben een grijze rug met een witte buik. - Volwassen ezelspinguïns bereiken een grootte van 75 tot 80 cm. Mannetjes hebben hun maximum gewicht van ongeveer 8 kg vlak voor het ruien, en minimum van 5,5 kg juist voor het paren. Voor vrouwtjes bedraagt dit maximum 7,5 kg voor het ruien, maar hun minimum valt onder de 5 kg wanneer ze hun jongen verzorgen in het nest. - Ezelspinguïns broeden op vele sub-Antarctische eilanden. De voornaamste kolonies zijn op de Falklands, Zuid-Georgia en de Kerguelen eilanden. De totale broedpopulatie wordt op meer dan 314.000 paren geschat.', 2, 1, 1, 2, 7, 7, 38);
INSERT INTO `ZooStart`.`Dieren` (`idDieren`, `Naam`, `Genus`, `Omschrijving`, `Status_id`, `Rijk_id`, `Stam_id`, `Klasse_id`, `Orde_id`, `Familie_id`, `Geslacht_id`) VALUES (70, 'Flapper2', 0, 'Ezelspinguïns zijn heel gemakkelijk herkenbaar door de brede witte streep die over de top van hun kop loopt. Ze hebben een oranje snavel en de lange, stijve veren van hun staart steken uit als ze lopen. De kuikens hebben een grijze rug met een witte buik. - Volwassen ezelspinguïns bereiken een grootte van 75 tot 80 cm. Mannetjes hebben hun maximum gewicht van ongeveer 8 kg vlak voor het ruien, en minimum van 5,5 kg juist voor het paren. Voor vrouwtjes bedraagt dit maximum 7,5 kg voor het ruien, maar hun minimum valt onder de 5 kg wanneer ze hun jongen verzorgen in het nest. - Ezelspinguïns broeden op vele sub-Antarctische eilanden. De voornaamste kolonies zijn op de Falklands, Zuid-Georgia en de Kerguelen eilanden. De totale broedpopulatie wordt op meer dan 314.000 paren geschat.', 2, 1, 1, 2, 7, 7, 38);
INSERT INTO `ZooStart`.`Dieren` (`idDieren`, `Naam`, `Genus`, `Omschrijving`, `Status_id`, `Rijk_id`, `Stam_id`, `Klasse_id`, `Orde_id`, `Familie_id`, `Geslacht_id`) VALUES (71, 'Stapper', 0, 'Ezelspinguïns zijn heel gemakkelijk herkenbaar door de brede witte streep die over de top van hun kop loopt. Ze hebben een oranje snavel en de lange, stijve veren van hun staart steken uit als ze lopen. De kuikens hebben een grijze rug met een witte buik. - Volwassen ezelspinguïns bereiken een grootte van 75 tot 80 cm. Mannetjes hebben hun maximum gewicht van ongeveer 8 kg vlak voor het ruien, en minimum van 5,5 kg juist voor het paren. Voor vrouwtjes bedraagt dit maximum 7,5 kg voor het ruien, maar hun minimum valt onder de 5 kg wanneer ze hun jongen verzorgen in het nest. - Ezelspinguïns broeden op vele sub-Antarctische eilanden. De voornaamste kolonies zijn op de Falklands, Zuid-Georgia en de Kerguelen eilanden. De totale broedpopulatie wordt op meer dan 314.000 paren geschat.', 2, 1, 1, 2, 7, 7, 38);
INSERT INTO `ZooStart`.`Dieren` (`idDieren`, `Naam`, `Genus`, `Omschrijving`, `Status_id`, `Rijk_id`, `Stam_id`, `Klasse_id`, `Orde_id`, `Familie_id`, `Geslacht_id`) VALUES (72, 'Queen', 1, 'De fennek is de kleinste van alle vossen, met de grootste oren van alle vossen, tot 15 cm lang. De oren worden gebruikt voor het op het gehoor lokaliseren van prooi en kunnen door hun grote oppervlak warmte helpen afstaan. Hij is 25 tot 49 cm groot en zijn staart is 20 tot 30 cm lang. De staart eindigt in een zwart puntje. Het dier weegt 1 tot 1,5 kg en kan zo n 12 jaar oud worden. De fennek leeft in groepjes van soms wel 10 dieren. De fennek heeft een witte buik en meestal een abrikozenkleurige tot geelbruine rug. Ze zijn erg schuw. Fenneks zijn hondachtigen en hijgen dus ook als ze het warm hebben. - Fenneks zijn nachtdieren en jagen vooral s nachts. Ze slapen overdag in zelfgemaakte holen. Door te graven vinden ze ook veel voedsel in de grond. Fenneks graven zo snel dat het net lijkt alsof ze worden opgeslokt door het zand. Ze beschermen net als andere dieren hun nest (leger). Als de ene helft van de groep jaagt dan passen de anderen op het leger. Ze halen het meeste vocht uit hun voedsel, insecten en kleine knaagdieren, soms ook bessen. Met een beet kan hij zijn prooi doden en naar het leger brengen voor een rustige maaltijd.', 1, 1, 1, 1, 5, 25, 39);
INSERT INTO `ZooStart`.`Dieren` (`idDieren`, `Naam`, `Genus`, `Omschrijving`, `Status_id`, `Rijk_id`, `Stam_id`, `Klasse_id`, `Orde_id`, `Familie_id`, `Geslacht_id`) VALUES (73, 'Kwiet', 0, 'De fennek is de kleinste van alle vossen, met de grootste oren van alle vossen, tot 15 cm lang. De oren worden gebruikt voor het op het gehoor lokaliseren van prooi en kunnen door hun grote oppervlak warmte helpen afstaan. Hij is 25 tot 49 cm groot en zijn staart is 20 tot 30 cm lang. De staart eindigt in een zwart puntje. Het dier weegt 1 tot 1,5 kg en kan zo n 12 jaar oud worden. De fennek leeft in groepjes van soms wel 10 dieren. De fennek heeft een witte buik en meestal een abrikozenkleurige tot geelbruine rug. Ze zijn erg schuw. Fenneks zijn hondachtigen en hijgen dus ook als ze het warm hebben. - Fenneks zijn nachtdieren en jagen vooral s nachts. Ze slapen overdag in zelfgemaakte holen. Door te graven vinden ze ook veel voedsel in de grond. Fenneks graven zo snel dat het net lijkt alsof ze worden opgeslokt door het zand. Ze beschermen net als andere dieren hun nest (leger). Als de ene helft van de groep jaagt dan passen de anderen op het leger. Ze halen het meeste vocht uit hun voedsel, insecten en kleine knaagdieren, soms ook bessen. Met een beet kan hij zijn prooi doden en naar het leger brengen voor een rustige maaltijd.', 1, 1, 1, 1, 5, 25, 39);
INSERT INTO `ZooStart`.`Dieren` (`idDieren`, `Naam`, `Genus`, `Omschrijving`, `Status_id`, `Rijk_id`, `Stam_id`, `Klasse_id`, `Orde_id`, `Familie_id`, `Geslacht_id`) VALUES (74, 'Pink', 1, 'Het verenkleed van de gewone flamingo is overwegend wit met wat roze. De vogel heeft een extreem lange nek, een stompe, gehoekte snavel met een zwarte punt, extreem lange poten en korte tenen met zwemvliezen. De lichaamslengte bedraagt 150 cm en het gewicht tot 4 kg. - Gewone flamingos zoeken overdag naar voedsel, zelfs bij grote hitte. Dit voedsel bestaat uit insecten, wormen, kreeftachtigen, microscopisch kleine algen en ander groenvoer. De vogel is deels een trekvogel, die vaak in warmere streken overwintert. - Deze soort komt wijdverspreid voor in Afrika en zuidwestelijk en zuidelijk-centraal Eurazië. Het verspreidingsgebied van de flamingo in Europa is beperkt tot enkele gebieden, waarvan de Camargue in Zuid-Frankrijk het bekendste is. De meest noordelijke broedplaats is het Zwillbrocker Venn, net over de Nederlands-Duitse grens bij Groenlo. Flamingos komen voor in verschillende zoet- en zoutwaterbiotopen, vooral in vrij ondiepe, zoute meren, estuaria en lagunes.', 1, 1, 1, 2, 17, 26, 40);
INSERT INTO `ZooStart`.`Dieren` (`idDieren`, `Naam`, `Genus`, `Omschrijving`, `Status_id`, `Rijk_id`, `Stam_id`, `Klasse_id`, `Orde_id`, `Familie_id`, `Geslacht_id`) VALUES (75, 'Carmen', 1, 'Het verenkleed van de gewone flamingo is overwegend wit met wat roze. De vogel heeft een extreem lange nek, een stompe, gehoekte snavel met een zwarte punt, extreem lange poten en korte tenen met zwemvliezen. De lichaamslengte bedraagt 150 cm en het gewicht tot 4 kg. - Gewone flamingos zoeken overdag naar voedsel, zelfs bij grote hitte. Dit voedsel bestaat uit insecten, wormen, kreeftachtigen, microscopisch kleine algen en ander groenvoer. De vogel is deels een trekvogel, die vaak in warmere streken overwintert. - Deze soort komt wijdverspreid voor in Afrika en zuidwestelijk en zuidelijk-centraal Eurazië. Het verspreidingsgebied van de flamingo in Europa is beperkt tot enkele gebieden, waarvan de Camargue in Zuid-Frankrijk het bekendste is. De meest noordelijke broedplaats is het Zwillbrocker Venn, net over de Nederlands-Duitse grens bij Groenlo. Flamingos komen voor in verschillende zoet- en zoutwaterbiotopen, vooral in vrij ondiepe, zoute meren, estuaria en lagunes.', 1, 1, 1, 2, 17, 26, 40);
INSERT INTO `ZooStart`.`Dieren` (`idDieren`, `Naam`, `Genus`, `Omschrijving`, `Status_id`, `Rijk_id`, `Stam_id`, `Klasse_id`, `Orde_id`, `Familie_id`, `Geslacht_id`) VALUES (76, 'Dirk', 0, 'Het verenkleed van de gewone flamingo is overwegend wit met wat roze. De vogel heeft een extreem lange nek, een stompe, gehoekte snavel met een zwarte punt, extreem lange poten en korte tenen met zwemvliezen. De lichaamslengte bedraagt 150 cm en het gewicht tot 4 kg. - Gewone flamingos zoeken overdag naar voedsel, zelfs bij grote hitte. Dit voedsel bestaat uit insecten, wormen, kreeftachtigen, microscopisch kleine algen en ander groenvoer. De vogel is deels een trekvogel, die vaak in warmere streken overwintert. - Deze soort komt wijdverspreid voor in Afrika en zuidwestelijk en zuidelijk-centraal Eurazië. Het verspreidingsgebied van de flamingo in Europa is beperkt tot enkele gebieden, waarvan de Camargue in Zuid-Frankrijk het bekendste is. De meest noordelijke broedplaats is het Zwillbrocker Venn, net over de Nederlands-Duitse grens bij Groenlo. Flamingos komen voor in verschillende zoet- en zoutwaterbiotopen, vooral in vrij ondiepe, zoute meren, estuaria en lagunes.', 1, 1, 1, 2, 17, 26, 40);
INSERT INTO `ZooStart`.`Dieren` (`idDieren`, `Naam`, `Genus`, `Omschrijving`, `Status_id`, `Rijk_id`, `Stam_id`, `Klasse_id`, `Orde_id`, `Familie_id`, `Geslacht_id`) VALUES (77, 'Dirkske', 0, 'Het verenkleed van de gewone flamingo is overwegend wit met wat roze. De vogel heeft een extreem lange nek, een stompe, gehoekte snavel met een zwarte punt, extreem lange poten en korte tenen met zwemvliezen. De lichaamslengte bedraagt 150 cm en het gewicht tot 4 kg. - Gewone flamingos zoeken overdag naar voedsel, zelfs bij grote hitte. Dit voedsel bestaat uit insecten, wormen, kreeftachtigen, microscopisch kleine algen en ander groenvoer. De vogel is deels een trekvogel, die vaak in warmere streken overwintert. - Deze soort komt wijdverspreid voor in Afrika en zuidwestelijk en zuidelijk-centraal Eurazië. Het verspreidingsgebied van de flamingo in Europa is beperkt tot enkele gebieden, waarvan de Camargue in Zuid-Frankrijk het bekendste is. De meest noordelijke broedplaats is het Zwillbrocker Venn, net over de Nederlands-Duitse grens bij Groenlo. Flamingos komen voor in verschillende zoet- en zoutwaterbiotopen, vooral in vrij ondiepe, zoute meren, estuaria en lagunes.', 1, 1, 1, 2, 17, 26, 40);
INSERT INTO `ZooStart`.`Dieren` (`idDieren`, `Naam`, `Genus`, `Omschrijving`, `Status_id`, `Rijk_id`, `Stam_id`, `Klasse_id`, `Orde_id`, `Familie_id`, `Geslacht_id`) VALUES (78, 'Nice', 1, 'De geelvoorhoofdamazone is een papegaai uit het geslacht Amazona, die overigens meer dan 30 soorten telt. Geen ander geslacht heeft zoveel soorten met zoveel overeenkomsten. Op het oog zijn ze soms zelfs niet voor experts te onderscheiden, zo zijn er in gevangenschap weinig zuivere amazones. - De geelvoorhoofdamazone is een in Noordelijk Zuid-Amerika en Midden-Amerika voorkomende vogel met een kenmerkend geel voorhoofd, een groen verenkleed en hier en daar rode, blauwe en gele veren over zijn lichaam. Het is een zeer kenmerkende soort, die bijna alleen met geelkop en dubbele geelkopamazones met weinig geel verward kan worden.', 1, 1, 1, 2, 14, 19, 41);
INSERT INTO `ZooStart`.`Dieren` (`idDieren`, `Naam`, `Genus`, `Omschrijving`, `Status_id`, `Rijk_id`, `Stam_id`, `Klasse_id`, `Orde_id`, `Familie_id`, `Geslacht_id`) VALUES (79, 'Dice', 0, 'De geelvoorhoofdamazone is een papegaai uit het geslacht Amazona, die overigens meer dan 30 soorten telt. Geen ander geslacht heeft zoveel soorten met zoveel overeenkomsten. Op het oog zijn ze soms zelfs niet voor experts te onderscheiden, zo zijn er in gevangenschap weinig zuivere amazones. - De geelvoorhoofdamazone is een in Noordelijk Zuid-Amerika en Midden-Amerika voorkomende vogel met een kenmerkend geel voorhoofd, een groen verenkleed en hier en daar rode, blauwe en gele veren over zijn lichaam. Het is een zeer kenmerkende soort, die bijna alleen met geelkop en dubbele geelkopamazones met weinig geel verward kan worden.', 1, 1, 1, 2, 14, 19, 41);
INSERT INTO `ZooStart`.`Dieren` (`idDieren`, `Naam`, `Genus`, `Omschrijving`, `Status_id`, `Rijk_id`, `Stam_id`, `Klasse_id`, `Orde_id`, `Familie_id`, `Geslacht_id`) VALUES (80, 'Streep', 0, 'De gestreepte hyena is een typische hyena, met de grote, brede kop, de lange nek en lange poten, het aflopende lichaam (de schouders liggen veel hoger dan de heupen) en het typische loopje. Hij is kleiner dan de gevlekte hyena. De oren zijn groot en gepunt. Ook de ogen zijn groot. De snuit is stomp met een hondachtige neus.Hij heeft een lange, ruige vacht met lange, grijze manen op de rug (van achterhoofd tot staart) die opgezet kunnen worden. Het gezicht en de onderpoten hebben een kortere vacht. Bij jonge dieren ontbreekt de maan, maar hebben een zwarte aalstreep. De volle staart is lang en lijkt een verlengde van de maan. De gestreepte hyena heeft een gelig grijze vacht met verticale zwarte strepen over het lichaam en horizontale zwarte strepen op de poten. De snuit, keel en staartpunt zijn zwart. - Het is in veel gevallen een nachtdier, hoewel het ook voorkomt dat ze overdag actief zijn en zelfs jagen.  Ze eten aas, reptielen (hagedissen en schildpadden), insecten, vruchten, wortels maar ook zoogdieren, variëren van de grote van een haas tot een vos. Sinds de mens er is eet hij ook wel afval en gewassen. - Anders dan zijn gevlekte neef leeft hij alleen of in kleine familie-groepjes. Het woongebied is zeer groot en een hyena kan op een nacht grote afstanden afleggen, gemiddeld 20, maximaal 30 kilometer. Hij heeft een sterk uithoudingsvermogen: de gestreepte hyena kan met een snelheid van 8 kilometer per uur 5 tot 8 uur achter elkaar lopen. Keien en planten langs vaak betreden paden worden gemarkeerd met geurstoffen.', 2, 1, 1, 1, 5, 27, 42);
INSERT INTO `ZooStart`.`Dieren` (`idDieren`, `Naam`, `Genus`, `Omschrijving`, `Status_id`, `Rijk_id`, `Stam_id`, `Klasse_id`, `Orde_id`, `Familie_id`, `Geslacht_id`) VALUES (81, 'Vlekkie', 1, 'De gevlekte hyena is de grootste, agressiefste en de luidruchtigste hyenasoort. In grote delen van Afrika is het het meest voorkomende grote roofdier. De gevlekte hyena is de enige nog levende soort uit het geslacht Crocuta. Gevlekte hyenas lijken op hondachtigen, omdat hun lichamen zijn aangepast aan vergelijkbare jachttechnieken, maar gevlekte hyenas zijn (evenals de andere hyenas) genetisch nauwer verwant aan civetkatten en aardwolven. - Deze sterke hond is sterkt gebouwd met een vrij korte, borstelige staart, de vacht is geel tot bruin of grijs, en zijn vlekken grijs tot bruin, zijn buik is lichter dan de rest van zijn lichaam, met korte manen in zijn nek. - De gevlekte hyena komt over een groot gedeelte van Afrika ten zuiden van de Sahara voor, van woestijnen tot open bossen, en van droge steppen tot hooggelegen heidegebieden. Hij mijdt de dichte wouden. De meeste dieren leven op open savannes met een grote hoeveelheid aan herbivoren. De gevlekte hyena is overwegend s nachts actief. Aan het eind van de 19e eeuw is de soort uitgeroeid in het grootste deel van Zuid-Afrika. - De gevlekte hyena jaagt zelf op zijn prooi. Het is een vaardige jager die, jagend in een grote groep, grote prooien zoals kafferbuffels en antilopen kan vellen. De groep put het prooidier uit door het te achtervolgen en te omsingelen. Het is een selectieve jager, die eerder op langzamere, zeldzamere dieren als waterbokken jaagt dan op algemenere, dodelijkere en meer wendbare dieren als zebras. Vaker gaan gevlekte hyenas alleen op jacht, waarbij ze kleine dieren buit maken zoals ongewervelden, reptielen, knaagdieren en vogels, of afval eten. De gevlekte hyena is ook een aaseter. Hij eet zowel menselijk afval als kadavers en de placentas van hoefdieren. Ze eten zowel van verlaten kadavers of jagen katachtigen als leeuwen, luipaarden en jachtluipaarden weg van hun gevangen prooien. Tijdens het foerageren kunnen afstanden tot 80 km per nacht worden afgelegd. - Hij heeft extreem sterke korte kaken met grote kiezen, wat hem in staat stelt om botten en taaie huid te eten die andere vleeseters niet kunnen verorberen. Hij kan zelfs het harde schild van een schildpad verbrijzelen en door de huid en botten van dieren als olifanten en neushoorns bijten. Delen die ook de hyena niet kan verteren, zoals haren en pezen, worden in de vorm van braakballen uitgespuugd. Een hyena kan bij één maaltijd wel een derde van zijn lichaamsgewicht aan voedsel naar binnen werken, tot 13 kg per keer. Restjes, als die er zijn, worden soms opgeslagen in een kuil, onder struiken of onder water. - Eerder werd verondersteld dat de gevlekte hyena uitsluitend aas at of prooien roofde van andere dieren. Dat maakte de hyena (onterecht) tot symbool van lafheid. Dit misverstand kwam mede doordat de gevlekte hyena vooral s nachts jaagt, waardoor zijn jachtmethoden lange tijd slecht bekend waren.', 1, 1, 1, 1, 5, 27, 43);
INSERT INTO `ZooStart`.`Dieren` (`idDieren`, `Naam`, `Genus`, `Omschrijving`, `Status_id`, `Rijk_id`, `Stam_id`, `Klasse_id`, `Orde_id`, `Familie_id`, `Geslacht_id`) VALUES (82, 'Flipper', 0, 'De gewone dolfijn (Delphinus delphis) is dolfijn met een pelagische leefwijze, anders dan de bekende tuimelaar, die vooral langs kusten voorkomt. Al in het oude Griekenland werd de gewone dolfijn afgebeeld op munten en frescos. Tot 1994 werd Delphinus delphis als enige soort van het monotypische geslacht Delphinus opgevat. Sindsdien wordt de Kaapse dolfijn (Delphinus capensis), die een langere snuit heeft, als een aparte soort beschouwd. - De gewone dolfijn is relatief slank en heeft een smalle snuit. Het voorhoofd gaat vrij plotseling over in de snuit, waardoor de soort de typische "vriendelijke" dolfijnenkop vertoont. De flippers zijn naar achteren gebogen, en puntig. De rugvin is relatief groot en recht. De kleuren variëren van een donkerbruine tot zwarte rug en een witte buik, waarbij de grens tussen de donkere bovenzijde en de lichte onderzijde scherp is, met name in de voorste helft van het lichaam, vóór de rugvin. De lichte flank vertoont vóór de rugvin vaak een oker- tot geelachtige veeg. Het oog heeft een donkere ring en daarvandaan loopt een smalle donkere streep naar voren, tot aan de donkere snuit. Ook van de kin naar de voorkant van de flipper loopt een donkere streep. Met een lengte van 1,6 tot 2 m en een gewicht tussen 75 en 110 kg is de gewone dolfijn een middelgrote dolfijnensoort. Mannetjes zijn doorgaans iets groter en zwaarder dan de vrouwtjes en kunnen in uitzonderlijke gevallen tot 135 kg wegen. - De soort komt in vrijwel alle gematigde en warme zeeën ter wereld voor, in relatief diep water, dus minder vaak langs de kust. Ze prefereren water dat aan de oppervlakte 10°C of warmer is. Men vindt ze voornamelijk terug in de Atlantische en de Stille Oceaan, maar ook in zeeën worden de dieren frequent waargenomen, o.a. in de Middellandse, de Rode en de Zwarte Zee en in de Mexicaanse Golf. In de Noordzee wordt de gewone dolfijn af en toe waargenomen. Verder zijn er ook nog enkele populaties terug te vinden in de Indische Oceaan en in Japanse wateren. De soort leeft doorgaans in grote groepen, die bestaan uit tien tot vijfhonderd individuen. Groepen van enkele duizenden zijn echter ook mogelijk. Dat gebeurt als kleinere groepjes samenkomen om op een grote school vissen te jagen. Op het menu staan verschillende soorten vissen en inktvissen. - Het dier paart onder water of aan de oppervlakte. Na ongeveer 9 maanden wordt meestal één jong geboren. Hoewel tweelingen bij deze dolfijnensoort niet ongewoon zijn en zelfs drielingen kunnen voorkomen. De geboorte vindt meestal plaats vanaf het midden van de winter tot de zomer. Het kalf is bij de geboorte tussen 0,7 en 1 meter lang en weegt dan ongeveer 10 kg. Het spenen lijkt sterk afhankelijk van het leefgebied: in de Zwarte Zee gebeurt dit na 5 tot 6 maanden, elders kan dat oplopen tot 19 maanden. Ook de tijd tussen 2 jongen hangt af van de locatie: in de Zwarte Zee is dit 1 jaar, in het oosten van de Stille Oceaan kan dit oplopen tot 3 jaar. Ook de geslachtsrijpe leeftijd is afhankelijk van de locatie. Dit kan gaan van 2 tot 7 jaar voor vrouwtjes en 3 tot 12 jaar voor mannetjes. Ze zouden zo n 35 jaar oud worden, maar halen slechts een gemiddelde leeftijd van 22 in de Zwarte Zee. - De gewone dolfijn is een van de eerste soorten geweest die in gevangenschap werd gehouden. Helaas stierven alle dieren kort na aankomst in hun bassin.', 1, 1, 1, 1, 16, 23, 44);
INSERT INTO `ZooStart`.`Dieren` (`idDieren`, `Naam`, `Genus`, `Omschrijving`, `Status_id`, `Rijk_id`, `Stam_id`, `Klasse_id`, `Orde_id`, `Familie_id`, `Geslacht_id`) VALUES (83, 'Flapper', 0, 'De gewone dolfijn (Delphinus delphis) is dolfijn met een pelagische leefwijze, anders dan de bekende tuimelaar, die vooral langs kusten voorkomt. Al in het oude Griekenland werd de gewone dolfijn afgebeeld op munten en frescos. Tot 1994 werd Delphinus delphis als enige soort van het monotypische geslacht Delphinus opgevat. Sindsdien wordt de Kaapse dolfijn (Delphinus capensis), die een langere snuit heeft, als een aparte soort beschouwd. - De gewone dolfijn is relatief slank en heeft een smalle snuit. Het voorhoofd gaat vrij plotseling over in de snuit, waardoor de soort de typische "vriendelijke" dolfijnenkop vertoont. De flippers zijn naar achteren gebogen, en puntig. De rugvin is relatief groot en recht. De kleuren variëren van een donkerbruine tot zwarte rug en een witte buik, waarbij de grens tussen de donkere bovenzijde en de lichte onderzijde scherp is, met name in de voorste helft van het lichaam, vóór de rugvin. De lichte flank vertoont vóór de rugvin vaak een oker- tot geelachtige veeg. Het oog heeft een donkere ring en daarvandaan loopt een smalle donkere streep naar voren, tot aan de donkere snuit. Ook van de kin naar de voorkant van de flipper loopt een donkere streep. Met een lengte van 1,6 tot 2 m en een gewicht tussen 75 en 110 kg is de gewone dolfijn een middelgrote dolfijnensoort. Mannetjes zijn doorgaans iets groter en zwaarder dan de vrouwtjes en kunnen in uitzonderlijke gevallen tot 135 kg wegen. - De soort komt in vrijwel alle gematigde en warme zeeën ter wereld voor, in relatief diep water, dus minder vaak langs de kust. Ze prefereren water dat aan de oppervlakte 10°C of warmer is. Men vindt ze voornamelijk terug in de Atlantische en de Stille Oceaan, maar ook in zeeën worden de dieren frequent waargenomen, o.a. in de Middellandse, de Rode en de Zwarte Zee en in de Mexicaanse Golf. In de Noordzee wordt de gewone dolfijn af en toe waargenomen. Verder zijn er ook nog enkele populaties terug te vinden in de Indische Oceaan en in Japanse wateren. De soort leeft doorgaans in grote groepen, die bestaan uit tien tot vijfhonderd individuen. Groepen van enkele duizenden zijn echter ook mogelijk. Dat gebeurt als kleinere groepjes samenkomen om op een grote school vissen te jagen. Op het menu staan verschillende soorten vissen en inktvissen. - Het dier paart onder water of aan de oppervlakte. Na ongeveer 9 maanden wordt meestal één jong geboren. Hoewel tweelingen bij deze dolfijnensoort niet ongewoon zijn en zelfs drielingen kunnen voorkomen. De geboorte vindt meestal plaats vanaf het midden van de winter tot de zomer. Het kalf is bij de geboorte tussen 0,7 en 1 meter lang en weegt dan ongeveer 10 kg. Het spenen lijkt sterk afhankelijk van het leefgebied: in de Zwarte Zee gebeurt dit na 5 tot 6 maanden, elders kan dat oplopen tot 19 maanden. Ook de tijd tussen 2 jongen hangt af van de locatie: in de Zwarte Zee is dit 1 jaar, in het oosten van de Stille Oceaan kan dit oplopen tot 3 jaar. Ook de geslachtsrijpe leeftijd is afhankelijk van de locatie. Dit kan gaan van 2 tot 7 jaar voor vrouwtjes en 3 tot 12 jaar voor mannetjes. Ze zouden zo n 35 jaar oud worden, maar halen slechts een gemiddelde leeftijd van 22 in de Zwarte Zee. - De gewone dolfijn is een van de eerste soorten geweest die in gevangenschap werd gehouden. Helaas stierven alle dieren kort na aankomst in hun bassin.', 1, 1, 1, 1, 16, 23, 44);
INSERT INTO `ZooStart`.`Dieren` (`idDieren`, `Naam`, `Genus`, `Omschrijving`, `Status_id`, `Rijk_id`, `Stam_id`, `Klasse_id`, `Orde_id`, `Familie_id`, `Geslacht_id`) VALUES (84, 'Zus', 1, 'Het gilamonster is makkelijk te herkennen; het lijf is zwart met rode tot roze vlekken, heeft een zeer wratachtige schubbenhuid, veroorzaakt door osteodermen, beenplaatjes die de huid versterken. De staart is bijna net zo dik als de kop en maximaal een derde van de totale lengte. De kleurpatronen verschillen omdat bij sommige soorten eerder sprake is van een roze achtergrond met zwarte vlekken, de ogen zitten enigszins verborgen. Er zijn twee ondersoorten: het gevlekte gilamonster H. suspectum suspectum en de meer gebandeerde H. suspectum cinctum. Het gilamonster heeft grof gebouwde klauwen, waarmee hij goed kan graven. De ogen, neusgaten en gehooropeningen zijn erg klein om verstoppingen te voorkomen. De dikke staart dient als vetopslag voor mindere tijden. De hagedis kan een maand zonder voedsel, water dient wel regelmatig opgenomen te worden.', 2, 1, 1, 4, 18, 28, 45);
INSERT INTO `ZooStart`.`Dieren` (`idDieren`, `Naam`, `Genus`, `Omschrijving`, `Status_id`, `Rijk_id`, `Stam_id`, `Klasse_id`, `Orde_id`, `Familie_id`, `Geslacht_id`) VALUES (85, 'Zo', 0, 'Het gilamonster is makkelijk te herkennen; het lijf is zwart met rode tot roze vlekken, heeft een zeer wratachtige schubbenhuid, veroorzaakt door osteodermen, beenplaatjes die de huid versterken. De staart is bijna net zo dik als de kop en maximaal een derde van de totale lengte. De kleurpatronen verschillen omdat bij sommige soorten eerder sprake is van een roze achtergrond met zwarte vlekken, de ogen zitten enigszins verborgen. Er zijn twee ondersoorten: het gevlekte gilamonster H. suspectum suspectum en de meer gebandeerde H. suspectum cinctum. Het gilamonster heeft grof gebouwde klauwen, waarmee hij goed kan graven. De ogen, neusgaten en gehooropeningen zijn erg klein om verstoppingen te voorkomen. De dikke staart dient als vetopslag voor mindere tijden. De hagedis kan een maand zonder voedsel, water dient wel regelmatig opgenomen te worden.', 2, 1, 1, 4, 18, 28, 45);
INSERT INTO `ZooStart`.`Dieren` (`idDieren`, `Naam`, `Genus`, `Omschrijving`, `Status_id`, `Rijk_id`, `Stam_id`, `Klasse_id`, `Orde_id`, `Familie_id`, `Geslacht_id`) VALUES (86, 'Jimmy', 0, 'De gitaarrog is wijd verspreid in de Indo-Pacific (Australië, Bangladesh, India, Indonesië, Maleisië, Singapore, Sri Lanka, Vietnam), maar toch kwetsbaar als soort. - Jonge gitaarroggen leven graag in mangroves met ondiep water. Eens volwassen, kiezen de dieren het ruime sop. Niettemin kan deze soort ook goed in zoet water leven. Deze roggen zien er uit als haaien en zwemmen met hun haaiachtige staart in plaats van te fladderen met hun borstvinnen, zoals de meeste roggen doen. Ze zijn niet gevaarlijk voor de mens. - Gitaarroggen jagen vooral op schaaldieren, met een voorkeur voor krabben en garnalen. Ze kunnen tot 4 meter groot worden!', 2, 1, 1, 3, 19, 29, 46);
INSERT INTO `ZooStart`.`Dieren` (`idDieren`, `Naam`, `Genus`, `Omschrijving`, `Status_id`, `Rijk_id`, `Stam_id`, `Klasse_id`, `Orde_id`, `Familie_id`, `Geslacht_id`) VALUES (87, 'Jana', 1, 'Gnoes of wildebeesten zijn een geslacht van de evenhoevigen behorende tot de familie holhoornigen. - Het geslacht kent twee soorten, die leven op de grasvlakten van zuidelijk en oostelijk Afrika: Witstaartgnoe (Connochaetes gnou), Karoo, Zuid-Afrika en Blauwe gnoe (Connochaetes taurinus), Oost- tot Zuid-Afrika. - Beide soorten migreren in de droge tijd naar voedselrijke gebieden. Gnoes leggen duizenden kilometers per jaar af. Jongen kunnen al vlug mee met de kudde als ze geboren worden, soms wel al vanaf 10 minuten.', 1, 1, 1, 1, 3, 3, 47);
INSERT INTO `ZooStart`.`Dieren` (`idDieren`, `Naam`, `Genus`, `Omschrijving`, `Status_id`, `Rijk_id`, `Stam_id`, `Klasse_id`, `Orde_id`, `Familie_id`, `Geslacht_id`) VALUES (88, 'Jolien', 1, 'Gnoes of wildebeesten zijn een geslacht van de evenhoevigen behorende tot de familie holhoornigen. - Het geslacht kent twee soorten, die leven op de grasvlakten van zuidelijk en oostelijk Afrika: Witstaartgnoe (Connochaetes gnou), Karoo, Zuid-Afrika en Blauwe gnoe (Connochaetes taurinus), Oost- tot Zuid-Afrika. - Beide soorten migreren in de droge tijd naar voedselrijke gebieden. Gnoes leggen duizenden kilometers per jaar af. Jongen kunnen al vlug mee met de kudde als ze geboren worden, soms wel al vanaf 10 minuten.', 1, 1, 1, 1, 3, 3, 47);
INSERT INTO `ZooStart`.`Dieren` (`idDieren`, `Naam`, `Genus`, `Omschrijving`, `Status_id`, `Rijk_id`, `Stam_id`, `Klasse_id`, `Orde_id`, `Familie_id`, `Geslacht_id`) VALUES (89, 'Steven', 0, 'De goudjakhals of gewone jakhals is een hondachtige. Hij is verwant aan de zadeljakhals (Canis mesomelas) en de gestreepte jakhals (Canis adustus). - De gewone jakhals heeft een dichtere vacht dan andere jakhalzen. De vachtkleur is meestal zandkleurig tot rossig grijsgeel met een gouden glans en een zwarte staartpunt, maar verschilt per regio, leeftijd en zelfs seizoen. Zo zijn er bijvoorbeeld geheel zwarte dieren bekend. Op de rug groeien onregelmatig zwarte en witte haren. De borst en buik zijn wittig, en de poten en de achterzijde van de oren zijn rossig of gelig van kleur. Hij is kleiner en slanker dan de wolf, met kortere poten en spitsere snuit, en een altijd omlaag hangende staart. De oren zijn echter groter. - De gewone jakhals is een omnivore opportunist. Hij jaagt op kleine zoogdieren (vooral knaagdieren en kleine hoefdieren zoals hertenkalfjes en kleine gazellen), kleine vogels, vissen, amfibieën en insecten, maar hij eet ook afval en aas en plantaardig voedsel als druiven, bessen en andere vruchten, evenals bloembollen en kalebassen. Soms achtervolgen ze grote roofdieren als leeuwen, om de resten van de jacht op te eten. De gewone jakhals kan langere tijd zonder water. Het jagen doen ze meestal in de nacht/schemering vandaar dat ze overdag niet zo actief zijn. - Ze leven in een familieverband met als leiders het alfapaar. Meestal mag alleen het alfapaar paren. De dieren in een groep jagen samen en zorgen samen voor de jongen.', 1, 1, 1, 1, 5, 25, 48);
INSERT INTO `ZooStart`.`Dieren` (`idDieren`, `Naam`, `Genus`, `Omschrijving`, `Status_id`, `Rijk_id`, `Stam_id`, `Klasse_id`, `Orde_id`, `Familie_id`, `Geslacht_id`) VALUES (90, 'Dimitri', 0, 'De goudjakhals of gewone jakhals is een hondachtige. Hij is verwant aan de zadeljakhals (Canis mesomelas) en de gestreepte jakhals (Canis adustus). - De gewone jakhals heeft een dichtere vacht dan andere jakhalzen. De vachtkleur is meestal zandkleurig tot rossig grijsgeel met een gouden glans en een zwarte staartpunt, maar verschilt per regio, leeftijd en zelfs seizoen. Zo zijn er bijvoorbeeld geheel zwarte dieren bekend. Op de rug groeien onregelmatig zwarte en witte haren. De borst en buik zijn wittig, en de poten en de achterzijde van de oren zijn rossig of gelig van kleur. Hij is kleiner en slanker dan de wolf, met kortere poten en spitsere snuit, en een altijd omlaag hangende staart. De oren zijn echter groter. - De gewone jakhals is een omnivore opportunist. Hij jaagt op kleine zoogdieren (vooral knaagdieren en kleine hoefdieren zoals hertenkalfjes en kleine gazellen), kleine vogels, vissen, amfibieën en insecten, maar hij eet ook afval en aas en plantaardig voedsel als druiven, bessen en andere vruchten, evenals bloembollen en kalebassen. Soms achtervolgen ze grote roofdieren als leeuwen, om de resten van de jacht op te eten. De gewone jakhals kan langere tijd zonder water. Het jagen doen ze meestal in de nacht/schemering vandaar dat ze overdag niet zo actief zijn. - Ze leven in een familieverband met als leiders het alfapaar. Meestal mag alleen het alfapaar paren. De dieren in een groep jagen samen en zorgen samen voor de jongen.', 1, 1, 1, 1, 5, 25, 48);
INSERT INTO `ZooStart`.`Dieren` (`idDieren`, `Naam`, `Genus`, `Omschrijving`, `Status_id`, `Rijk_id`, `Stam_id`, `Klasse_id`, `Orde_id`, `Familie_id`, `Geslacht_id`) VALUES (91, 'Rosemieke', 1, 'Goudwanggibbons komen voor in Laos, Cambodja en Vietnam, daar worden ze in hun voortbestaan ernstig bedreigd door o.a houtkap maar vooral de jacht. Goudwanggibbons worden door sommige mensen als huisdieren gehouden. - De goudwanggibbon komt voor in tropisch bos en mogelijk ook in aangrenzend gemengd open bos met bamboe en riviergeleidend, hoogopgaand bos met ondergroei en tussenlaag. Ze worden dan heel jong van hun moeder weggehaald en als huisdier gebruikt. Als ze ouder worden vinden mensen ze vaak lastig en worden ze in kleine kooitjes gezet. - Volwassen goudwanggibbons worden 60-80 cm lang en wegen ongeveer 7 kilo. Ze zijn vooral overdag erg actief. Gibbons leven hoog in de boom en zijn gebouwd om van boom tot boom te springen, kijk bijvoorbeeld naar die lange armen. Ze leven dan ook in dicht begroeide bossen die hoog boven de zeespiegel liggen. Je kan ze herkennen aan het typische geluid dat ze maken, daarmee maken ze aan hun soortgenoten duidelijk waar ze zijn.', 3, 1, 1, 1, 11, 30, 49);
INSERT INTO `ZooStart`.`Dieren` (`idDieren`, `Naam`, `Genus`, `Omschrijving`, `Status_id`, `Rijk_id`, `Stam_id`, `Klasse_id`, `Orde_id`, `Familie_id`, `Geslacht_id`) VALUES (92, 'Annemieke', 1, 'Goudwanggibbons komen voor in Laos, Cambodja en Vietnam, daar worden ze in hun voortbestaan ernstig bedreigd door o.a houtkap maar vooral de jacht. Goudwanggibbons worden door sommige mensen als huisdieren gehouden. - De goudwanggibbon komt voor in tropisch bos en mogelijk ook in aangrenzend gemengd open bos met bamboe en riviergeleidend, hoogopgaand bos met ondergroei en tussenlaag. Ze worden dan heel jong van hun moeder weggehaald en als huisdier gebruikt. Als ze ouder worden vinden mensen ze vaak lastig en worden ze in kleine kooitjes gezet. - Volwassen goudwanggibbons worden 60-80 cm lang en wegen ongeveer 7 kilo. Ze zijn vooral overdag erg actief. Gibbons leven hoog in de boom en zijn gebouwd om van boom tot boom te springen, kijk bijvoorbeeld naar die lange armen. Ze leven dan ook in dicht begroeide bossen die hoog boven de zeespiegel liggen. Je kan ze herkennen aan het typische geluid dat ze maken, daarmee maken ze aan hun soortgenoten duidelijk waar ze zijn.', 3, 1, 1, 1, 11, 30, 49);
INSERT INTO `ZooStart`.`Dieren` (`idDieren`, `Naam`, `Genus`, `Omschrijving`, `Status_id`, `Rijk_id`, `Stam_id`, `Klasse_id`, `Orde_id`, `Familie_id`, `Geslacht_id`) VALUES (93, 'Merrie', 1, 'De Grant zebra heeft een witte tot gelige vacht met zwarte strepen die helemaal tot op de buik en tot aan de hoeven doorlopen. Daartussen zitten soms lichte schaduwstrepen. De manen zijn kort en staan rechtop. De staart heeft een pluizig kwastje aan het uiteinde. Ze hebben een Kop-romplengte van 1,90 tot 2,40 meter en een Staartlengte van 0,47 tot 0,57 meter. - De grant zebra is een dagdier en heeft in het wild een aantal vijanden. Voorbeelden van vijanden zijn: de leeuw, gevlekte hyena, luipaard, wilde hond en de cheeta. Overdags eet de grant zebra lange grassen. - Grant zebras leven in kudden van ongeveer 6 merries met veulens en 1 hengst. Hengsten leven alleen of in kleine kudden. Ze communiceren met een typisch balkend hinniken en verzorgen elkaars uiterlijk door elkaar met de snijtanden te beknabbelen. Dit versterkt hun band.', 1, 1, 1, 1, 20, 31, 50);
INSERT INTO `ZooStart`.`Dieren` (`idDieren`, `Naam`, `Genus`, `Omschrijving`, `Status_id`, `Rijk_id`, `Stam_id`, `Klasse_id`, `Orde_id`, `Familie_id`, `Geslacht_id`) VALUES (94, 'Junior', 0, 'De Grant zebra heeft een witte tot gelige vacht met zwarte strepen die helemaal tot op de buik en tot aan de hoeven doorlopen. Daartussen zitten soms lichte schaduwstrepen. De manen zijn kort en staan rechtop. De staart heeft een pluizig kwastje aan het uiteinde. Ze hebben een Kop-romplengte van 1,90 tot 2,40 meter en een Staartlengte van 0,47 tot 0,57 meter. - De grant zebra is een dagdier en heeft in het wild een aantal vijanden. Voorbeelden van vijanden zijn: de leeuw, gevlekte hyena, luipaard, wilde hond en de cheeta. Overdags eet de grant zebra lange grassen. - Grant zebras leven in kudden van ongeveer 6 merries met veulens en 1 hengst. Hengsten leven alleen of in kleine kudden. Ze communiceren met een typisch balkend hinniken en verzorgen elkaars uiterlijk door elkaar met de snijtanden te beknabbelen. Dit versterkt hun band.', 1, 1, 1, 1, 20, 31, 50);
INSERT INTO `ZooStart`.`Dieren` (`idDieren`, `Naam`, `Genus`, `Omschrijving`, `Status_id`, `Rijk_id`, `Stam_id`, `Klasse_id`, `Orde_id`, `Familie_id`, `Geslacht_id`) VALUES (95, 'Sophie', 1, 'De Grevy zebra (Equus grevyi) is een bedreigde zebra soort dat alleen in oost Afrika voor komt. Uit onderzoek blijkt dat de zebra zijn/haar strepen heeft voor als de kudde een roofdier ziet. De zebras beginnen dan door elkaar heen te rennen zodat het roofdier niet weet waar de zebra begint of eindigt. - Dit dier leeft in een harem met zowel hengsten als merries en met hun nageslacht. De hengsten worden door de leidende hengst uit de groep gejaagd als ze oud genoeg zijn. Over het algemeen valt de zebra veel ten prooi aan leeuwen, luipaarden en krokodillen maar worden in de meeste gevallen niet bedreigd. Helaas deze zebra soort wel.', 3, 1, 1, 1, 20, 31, 50);
INSERT INTO `ZooStart`.`Dieren` (`idDieren`, `Naam`, `Genus`, `Omschrijving`, `Status_id`, `Rijk_id`, `Stam_id`, `Klasse_id`, `Orde_id`, `Familie_id`, `Geslacht_id`) VALUES (96, 'Marc', 0, 'De Grevy zebra (Equus grevyi) is een bedreigde zebra soort dat alleen in oost Afrika voor komt. Uit onderzoek blijkt dat de zebra zijn/haar strepen heeft voor als de kudde een roofdier ziet. De zebras beginnen dan door elkaar heen te rennen zodat het roofdier niet weet waar de zebra begint of eindigt. - Dit dier leeft in een harem met zowel hengsten als merries en met hun nageslacht. De hengsten worden door de leidende hengst uit de groep gejaagd als ze oud genoeg zijn. Over het algemeen valt de zebra veel ten prooi aan leeuwen, luipaarden en krokodillen maar worden in de meeste gevallen niet bedreigd. Helaas deze zebra soort wel.', 3, 1, 1, 1, 20, 31, 50);
INSERT INTO `ZooStart`.`Dieren` (`idDieren`, `Naam`, `Genus`, `Omschrijving`, `Status_id`, `Rijk_id`, `Stam_id`, `Klasse_id`, `Orde_id`, `Familie_id`, `Geslacht_id`) VALUES (97, 'Harry', 0, 'Wolven hebben een kop-romplengte van 1 tot 1,5 m, en een staart van 30 tot 50 cm. De schouderhoogte is 65 tot 80 cm. Vrouwtjes zijn zo n tien procent kleiner dan mannetjes; mannetjes wegen 20 tot 80 kg, vrouwtjes worden gemiddeld 18 tot 50 kg zwaar. - De wolf heeft in rust een hartslag van 90 slagen per minuut en een ademhalingsfrequentie van 15 tot 20 per minuut. Bij grote inspanning kan dit oplopen tot een hartslag van 200 per minuut en een ademhalingsfrequentie van 100 per minuut. - Het gehoor, de reukzin en het zichtvermogen zijn goed ontwikkeld. Een wolf kan tegen de wind in andere dieren ontdekken die zich op een afstand van 300 meter van hem bevinden. Ook kan hij uitstekend zien in het donker. De wolf heeft een zichthoek van 250° (ter vergelijking: 180° bij mensen). De wolf kan tonen horen tot 40 kHz, tonen die te hoog zijn voor het menselijk gehoor. Speciale hondenfluitjes zijn ontwikkeld, die niet voor mensen, maar wel voor hond.', 1, 1, 1, 1, 5, 25, 48);
INSERT INTO `ZooStart`.`Dieren` (`idDieren`, `Naam`, `Genus`, `Omschrijving`, `Status_id`, `Rijk_id`, `Stam_id`, `Klasse_id`, `Orde_id`, `Familie_id`, `Geslacht_id`) VALUES (98, 'Larry', 0, 'Wolven hebben een kop-romplengte van 1 tot 1,5 m, en een staart van 30 tot 50 cm. De schouderhoogte is 65 tot 80 cm. Vrouwtjes zijn zo n tien procent kleiner dan mannetjes; mannetjes wegen 20 tot 80 kg, vrouwtjes worden gemiddeld 18 tot 50 kg zwaar. - De wolf heeft in rust een hartslag van 90 slagen per minuut en een ademhalingsfrequentie van 15 tot 20 per minuut. Bij grote inspanning kan dit oplopen tot een hartslag van 200 per minuut en een ademhalingsfrequentie van 100 per minuut. - Het gehoor, de reukzin en het zichtvermogen zijn goed ontwikkeld. Een wolf kan tegen de wind in andere dieren ontdekken die zich op een afstand van 300 meter van hem bevinden. Ook kan hij uitstekend zien in het donker. De wolf heeft een zichthoek van 250° (ter vergelijking: 180° bij mensen). De wolf kan tonen horen tot 40 kHz, tonen die te hoog zijn voor het menselijk gehoor. Speciale hondenfluitjes zijn ontwikkeld, die niet voor mensen, maar wel voor hond.', 1, 1, 1, 1, 5, 25, 48);
INSERT INTO `ZooStart`.`Dieren` (`idDieren`, `Naam`, `Genus`, `Omschrijving`, `Status_id`, `Rijk_id`, `Stam_id`, `Klasse_id`, `Orde_id`, `Familie_id`, `Geslacht_id`) VALUES (99, 'Donsje', 0, 'De grizzlybeer is na de Kodiakbeer de grootste ondersoort van Ursus arctos. Hij kan op zijn achterpoten staand een hoogte van 3 meter bereiken en tot 600 kg zwaar worden. De bouw van de beer is gericht op het zoeken en graven naar voedsel in de grond. De grizzlybeer heeft een zeer kenmerkende grote uitstekende spierbundel tussen de schouderbladen, die hem veel kracht in de voorpoten oplevert. Ook de nagels van de grizzlybeer zijn scherp en lang (zo n 10 cm), en geschikt om in de aarde mee te wroeten. De snuit van de grizzlybeer is vrij lang en heeft een gebogen vorm. De oren zijn vrij klein en rond. - De grizzlybeer houdt in de winter een soort van winterslaap. De beer trekt zich voor enkele maanden terug in een hol, vaak op berghellingen boven 2000 meter, dat slechts één à twee meter in de grond is uitgegraven en waar de beer precies inpast. Gedurende deze periode teert de beer in op zijn vetvoorraad. Daarnaast hebben onderzoekers gevonden dat de grizzlybeer een eiwit bevat dat ureumzouten afbreekt en omzet tot weer nuttige eiwitten.', 3, 1, 1, 1, 5, 20, 30);
INSERT INTO `ZooStart`.`Dieren` (`idDieren`, `Naam`, `Genus`, `Omschrijving`, `Status_id`, `Rijk_id`, `Stam_id`, `Klasse_id`, `Orde_id`, `Familie_id`, `Geslacht_id`) VALUES (100, 'Zachtje', 1, 'De grizzlybeer is na de Kodiakbeer de grootste ondersoort van Ursus arctos. Hij kan op zijn achterpoten staand een hoogte van 3 meter bereiken en tot 600 kg zwaar worden. De bouw van de beer is gericht op het zoeken en graven naar voedsel in de grond. De grizzlybeer heeft een zeer kenmerkende grote uitstekende spierbundel tussen de schouderbladen, die hem veel kracht in de voorpoten oplevert. Ook de nagels van de grizzlybeer zijn scherp en lang (zo n 10 cm), en geschikt om in de aarde mee te wroeten. De snuit van de grizzlybeer is vrij lang en heeft een gebogen vorm. De oren zijn vrij klein en rond. - De grizzlybeer houdt in de winter een soort van winterslaap. De beer trekt zich voor enkele maanden terug in een hol, vaak op berghellingen boven 2000 meter, dat slechts één à twee meter in de grond is uitgegraven en waar de beer precies inpast. Gedurende deze periode teert de beer in op zijn vetvoorraad. Daarnaast hebben onderzoekers gevonden dat de grizzlybeer een eiwit bevat dat ureumzouten afbreekt en omzet tot weer nuttige eiwitten.', 3, 1, 1, 1, 5, 20, 30);
INSERT INTO `ZooStart`.`Dieren` (`idDieren`, `Naam`, `Genus`, `Omschrijving`, `Status_id`, `Rijk_id`, `Stam_id`, `Klasse_id`, `Orde_id`, `Familie_id`, `Geslacht_id`) VALUES (101, 'Plons', 1, 'De Kaapse dolfijn of langsnuit gewone dolfijn (Delphinus capensis) is een soort dolfijn. Hij werd officieel pas in 1994 erkend als afzonderlijke soort van de gewone dolfijn (Delphinus delphis). - Ondanks wat zijn naam suggereert komt de dolfijn in vele gematigde en tropische zeeën voor. Hij geeft de voorkeur aan kustwater van minder dan 180 meter diep. De dolfijn komt over het algemeen niet voor rond eilandjes ver weg van het vasteland. Hij leeft er van vissen en koppotigen. De Kaapse dolfijn wordt vaak gezien omdat hij vooral aan de kusten te vinden is. Ze zijn nogal lawaaierig en speels waardoor ze gemakkelijk opgemerkt worden. Net als zijn neef leeft hij in groepen van 100 tot 500 exemplaren, maar dat kan zelfs oplopen tot enkele duizenden. Binnen deze grote groepen vindt men doorgaans kleine groepjes van aan elkaar verwante dieren. Deze kleine groepen tellen 10 tot 30 leden. Ze worden regelmatig gezien in de nabijheid van andere walvissen zoals grienden. Breaching gedrag en luchtacrobatiek zijn algemene gedragingen voor deze soort. Ook zoeken ze regelmatig boten op en rijden dan mee in de boeggolven. Opvallend is ook dat de Kaapse dolfijn ook mee zwemt in de boeggolf van baleinwalvissen. - De Kaapse dolfijn heeft een donkere rug en een witte buik, op de flanken is een zandloperpatroon te zien dat vooraan lichtgrijs, geel of goudkleurig is en grijs aan de achterzijde. Vergeleken met de gewone dolfijn heeft de Kaapse dolfijn een langer lijf: mannetjes worden zo n 2 tot 2,6 meter lang, vrouwtjes 1,9 tot 2,3 meter. Kaapse dolfijnen hebben ook een minder ronde kop en een dikkere, donkere lijn tussen de snuit en buikvinnen dan gewone dolfijnen. In zijn bek zitten in elke kaak 50 tot 60 aaneengekoppelde, scherpe, kleine tanden. Kaapse dolfijnen wegen meestal tussen 80 en 150 kilogram, af en toe kan dit gaan tot 235 kg. - De dracht van de Kaapse dolfijn duurt 10 à 11 maanden. Pasgeboren kalfjes zijn 0,8 tot 1 meter lang en wegen circa 10 kg. Het kleurenpatroon van een kalf is donkerder dan dat van de volwassen dieren. In de meeste gevallen krijgt de Kaapse dolfijn elke 1 tot 3 jaar een nieuw kalf. In gevangenschap is gebleken dat een kruising tussen Kaapse dolfijnen en tuimelaars (Tursiops truncatus) mogelijk is. Deze hybride blijkt zelf ook nog eens vruchtbaar te zijn en werd terug gekruist met een tuimelaar. - Sinds 1994 wordt de Kaapse dolfijn op basis van genetisch en anatomisch onderzoek los gezien van de gewone dolfijn. De Kaapse dolfijn wordt zelf soms ook gezien als een soort die nog op te delen valt in 2 soorten: D. capensis en D. tropicalis. Onderzoek wees uit dat het waarschijnlijk niet om een andere soort, maar om een ondersoort gaat. Het IUCN erkent ze dan ook als ondersoorten, meer bepaald als D. c. capensis en D. c. tropicalis. D. c. capensis: leeft in verschillende gebieden waarbij de subpopulaties van elkaar afgesneden lijken te zijn. Ze komen voor aan de kusten aan het oosten van Zuid-Amerika, West-Afrika, het zuiden van Japan, het noorden van Taiwan, Korea, Zuid-Afrika, Peru, mogelijk China en van Centraal-Californië tot het zuiden van Mexico.', 2, 1, 1, 1, 16, 23, 35);
INSERT INTO `ZooStart`.`Dieren` (`idDieren`, `Naam`, `Genus`, `Omschrijving`, `Status_id`, `Rijk_id`, `Stam_id`, `Klasse_id`, `Orde_id`, `Familie_id`, `Geslacht_id`) VALUES (102, 'Langnek', 0, 'De masaigiraffe heeft gekartelde vlekken op zijn lichaam. Het heeft ook een kort plukje haar aan de staart. De benige uitsteeksels aan de schedel van het mannetje zorgen ervoor dat er tot vijf geweiaftakkingen kunnen ontstaan. De vlekken van het dominante mannetje zijn vaak donkerder dan die van de andere leden van zijn kudde. Volwassen mannetjes worden ongeveer 6 meter hoog, hoewel er gevallen bekend zijn van giraffes die de 6,5 meter haalden. Vrouwtjes zijn meestal wat kleiner, rond de 5 tot 5,5 meter hoog. De poten en nek hebben een lengte van 2 meter en het hart weegt 12 kilogram.', 3, 1, 1, 1, 3, 32, 51);
INSERT INTO `ZooStart`.`Dieren` (`idDieren`, `Naam`, `Genus`, `Omschrijving`, `Status_id`, `Rijk_id`, `Stam_id`, `Klasse_id`, `Orde_id`, `Familie_id`, `Geslacht_id`) VALUES (103, 'Kortnek', 1, 'De masaigiraffe heeft gekartelde vlekken op zijn lichaam. Het heeft ook een kort plukje haar aan de staart. De benige uitsteeksels aan de schedel van het mannetje zorgen ervoor dat er tot vijf geweiaftakkingen kunnen ontstaan. De vlekken van het dominante mannetje zijn vaak donkerder dan die van de andere leden van zijn kudde. Volwassen mannetjes worden ongeveer 6 meter hoog, hoewel er gevallen bekend zijn van giraffes die de 6,5 meter haalden. Vrouwtjes zijn meestal wat kleiner, rond de 5 tot 5,5 meter hoog. De poten en nek hebben een lengte van 2 meter en het hart weegt 12 kilogram.', 3, 1, 1, 1, 3, 32, 51);
INSERT INTO `ZooStart`.`Dieren` (`idDieren`, `Naam`, `Genus`, `Omschrijving`, `Status_id`, `Rijk_id`, `Stam_id`, `Klasse_id`, `Orde_id`, `Familie_id`, `Geslacht_id`) VALUES (104, 'Marrit', 1, 'Deze soort kan tot 2 meter lang kan worden, bij een schouderhoogte van 1 tot 1,2 meter. De staartlengte bedraagt 25 cm en het gewicht 100 tot 140 kg. De kleur van hun vacht verandert met het seizoen: in de zomer roodbruin en in de winter donkerder. Deze herten hebben lange poten, zodat ze makkelijk door moerassen kunnen waden. Deze zijn van onderen zwart. Het aangezicht is lichtgekleurd, maar met wat zwart rond neus en lippen. De jongen zijn niet gevlekt. - Moerasherten leven vaak solitair maar ook soms in kleine groepen van 2 tot 3 dieren en eten gras, riet, waterplanten en struiken. Ze worden bedreigd door vernietiging van hun leefgebied.', 2, 1, 1, 1, 3, 13, 52);
INSERT INTO `ZooStart`.`Dieren` (`idDieren`, `Naam`, `Genus`, `Omschrijving`, `Status_id`, `Rijk_id`, `Stam_id`, `Klasse_id`, `Orde_id`, `Familie_id`, `Geslacht_id`) VALUES (105, 'Isabelle', 1, 'Deze soort kan tot 2 meter lang kan worden, bij een schouderhoogte van 1 tot 1,2 meter. De staartlengte bedraagt 25 cm en het gewicht 100 tot 140 kg. De kleur van hun vacht verandert met het seizoen: in de zomer roodbruin en in de winter donkerder. Deze herten hebben lange poten, zodat ze makkelijk door moerassen kunnen waden. Deze zijn van onderen zwart. Het aangezicht is lichtgekleurd, maar met wat zwart rond neus en lippen. De jongen zijn niet gevlekt. - Moerasherten leven vaak solitair maar ook soms in kleine groepen van 2 tot 3 dieren en eten gras, riet, waterplanten en struiken. Ze worden bedreigd door vernietiging van hun leefgebied.', 2, 1, 1, 1, 3, 13, 52);
INSERT INTO `ZooStart`.`Dieren` (`idDieren`, `Naam`, `Genus`, `Omschrijving`, `Status_id`, `Rijk_id`, `Stam_id`, `Klasse_id`, `Orde_id`, `Familie_id`, `Geslacht_id`) VALUES (106, 'Wurgie', 0, 'Elke netpython heeft zijn eigen net patroon op zijn lichaam staan. Hij jaagt vooral s nachts en op zijn menu staan dan zoogdieren en vogels. - Jongere exemplaren brengen veel tijd door in bomen want netpythons zijn goede klimmers. - Naar mate ze ouder en zwaarder worden kunnen ze de bomen niet meer in en blijft hij roerloos op de grond liggen, wachtend op een prooi. Ze jagen ook vanuit het water. - Het vrouwtje zet ongeveer 40 tot 50 eitjes per keer af. Dat is uitzonderlijk veel voor een slang. - Echter haalt maar een zeer klein aantal jongen de volwassen status in het wild. In dierentuinen is dat anders daar groeien ze allemaal op omdat daar geen andere roofdieren zijn. Daardoor wordt er niet in elke dierentuin actief gefokt met deze soort.', 1, 1, 1, 4, 18, 33, 53);
INSERT INTO `ZooStart`.`Dieren` (`idDieren`, `Naam`, `Genus`, `Omschrijving`, `Status_id`, `Rijk_id`, `Stam_id`, `Klasse_id`, `Orde_id`, `Familie_id`, `Geslacht_id`) VALUES (107, 'Wim', 0, 'Wasberen zijn direct herkenbaar aan hun karakteristieke zwart-met-witte gezichtsmasker en de ruige, zwartgeringde staart. Het aantal ringen is meestal vijf. Het masker valt extra op door de grijze strepen die erboven en onder lopen. Verder heeft de wasbeer een brede kop met een spitse snuit, korte, afgeronde oren, een gedrongen lichaamsbouw en lange poten. De lange, dichte vacht varieert in kleur van grijsachtig bruin tot donkergrijs. De tenen van de poten zijn vrij lang en kunnen wijd uitgespreid worden. De nagels zijn niet intrekbaar. Hij heeft een kop-romplengte van 60 tot 100 cm, een schouderhoogte van 30 tot 35 cm, een lichaamsgewicht van 3 tot 15 kg en een staartlengte van 20 tot 40 cm. - Wasberen leven solitair of in kleine familiegroepen. De dieren hebben een activiteitsgebied, waarbij de woongebieden van verscheidene dieren meestal overlappen. Mannetjes gedragen zich soms territoriaal. De woongebieden van mannetjes overlappen daarentegen nauwelijks met elkaar. Meestal overlapt het woongebied van een mannetje met één tot drie vrouwtjes. Onverwachte ontmoetingen tussen alleen levende dieren gaan gepaard met veel gegrom en met dreiggedrag. Onverwante dieren mijden elkaar in het algemeen. - Ze zijn vooral s nachts actief, maar soms komen wasberen ook overdag tevoorschijn en ze zijn regelmatig in de schemering aan te treffen. Een wasbeer gebruikt meerdere verblijfplaatsen. Meestal slaapt de wasbeer overdag in ondergrondse holen, boomholten of verlaten vogelnesten, soms op aanzienlijke hoogte. Ook verlaten holen, omgevallen bomen en ruimtes tussen rotsen worden gebruikt en zelfs in riolen en schoorstenen brengen ze de dag door. Soms neemt hij overdag liggend op een boomtak een zonnebad. Meestal gebruikt maar één wasbeer een verblijfplaats, met uitzondering van vrouwtjes met hun jongen.', 1, 1, 1, 1, 5, 34, 54);
INSERT INTO `ZooStart`.`Dieren` (`idDieren`, `Naam`, `Genus`, `Omschrijving`, `Status_id`, `Rijk_id`, `Stam_id`, `Klasse_id`, `Orde_id`, `Familie_id`, `Geslacht_id`) VALUES (108, 'Lander', 0, 'Wasberen zijn direct herkenbaar aan hun karakteristieke zwart-met-witte gezichtsmasker en de ruige, zwartgeringde staart. Het aantal ringen is meestal vijf. Het masker valt extra op door de grijze strepen die erboven en onder lopen. Verder heeft de wasbeer een brede kop met een spitse snuit, korte, afgeronde oren, een gedrongen lichaamsbouw en lange poten. De lange, dichte vacht varieert in kleur van grijsachtig bruin tot donkergrijs. De tenen van de poten zijn vrij lang en kunnen wijd uitgespreid worden. De nagels zijn niet intrekbaar. Hij heeft een kop-romplengte van 60 tot 100 cm, een schouderhoogte van 30 tot 35 cm, een lichaamsgewicht van 3 tot 15 kg en een staartlengte van 20 tot 40 cm. - Wasberen leven solitair of in kleine familiegroepen. De dieren hebben een activiteitsgebied, waarbij de woongebieden van verscheidene dieren meestal overlappen. Mannetjes gedragen zich soms territoriaal. De woongebieden van mannetjes overlappen daarentegen nauwelijks met elkaar. Meestal overlapt het woongebied van een mannetje met één tot drie vrouwtjes. Onverwachte ontmoetingen tussen alleen levende dieren gaan gepaard met veel gegrom en met dreiggedrag. Onverwante dieren mijden elkaar in het algemeen. - Ze zijn vooral s nachts actief, maar soms komen wasberen ook overdag tevoorschijn en ze zijn regelmatig in de schemering aan te treffen. Een wasbeer gebruikt meerdere verblijfplaatsen. Meestal slaapt de wasbeer overdag in ondergrondse holen, boomholten of verlaten vogelnesten, soms op aanzienlijke hoogte. Ook verlaten holen, omgevallen bomen en ruimtes tussen rotsen worden gebruikt en zelfs in riolen en schoorstenen brengen ze de dag door. Soms neemt hij overdag liggend op een boomtak een zonnebad. Meestal gebruikt maar één wasbeer een verblijfplaats, met uitzondering van vrouwtjes met hun jongen.', 1, 1, 1, 1, 5, 34, 54);
INSERT INTO `ZooStart`.`Dieren` (`idDieren`, `Naam`, `Genus`, `Omschrijving`, `Status_id`, `Rijk_id`, `Stam_id`, `Klasse_id`, `Orde_id`, `Familie_id`, `Geslacht_id`) VALUES (109, 'Sander', 0, 'Het rendier is de grote grazer van de toendra, ze leven in kuddes. Rendieren eten vooral rendiermos. Dat is een korstmos, een samenleving of symbiose van een schimmel en algen. Als de toendra bedekt is met sneeuw en ijs, weten de rendieren dit met hun hoeven te verwijderen om zo dit diepvrieseten te bereiken. De voornaamste vijand van de kariboe is de wolf die vooral zwakke dieren grijpt. - Het rendier is wijdverspreid in het noorden van het holarctisch gebied. Oorspronkelijk werd het dier aangetroffen in Scandinavië, Oost-Europa, Rusland, Mongolië en het noorden van China. Tegenwoordig is het rendier in vele gebieden, voornamelijk zuidelijke gebieden, verdwenen. In Noord-Amerika leeft het dier in Alaska, Canada en de noordelijkste staten van de Verenigde Staten (Washington tot Maine). In Europa leven er nog grote kuddes in Noorwegen, en het noorden van Finland.', 1, 1, 1, 1, 3, 13, 55);
INSERT INTO `ZooStart`.`Dieren` (`idDieren`, `Naam`, `Genus`, `Omschrijving`, `Status_id`, `Rijk_id`, `Stam_id`, `Klasse_id`, `Orde_id`, `Familie_id`, `Geslacht_id`) VALUES (110, 'Esther', 1, 'Het rendier is de grote grazer van de toendra, ze leven in kuddes. Rendieren eten vooral rendiermos. Dat is een korstmos, een samenleving of symbiose van een schimmel en algen. Als de toendra bedekt is met sneeuw en ijs, weten de rendieren dit met hun hoeven te verwijderen om zo dit diepvrieseten te bereiken. De voornaamste vijand van de kariboe is de wolf die vooral zwakke dieren grijpt. - Het rendier is wijdverspreid in het noorden van het holarctisch gebied. Oorspronkelijk werd het dier aangetroffen in Scandinavië, Oost-Europa, Rusland, Mongolië en het noorden van China. Tegenwoordig is het rendier in vele gebieden, voornamelijk zuidelijke gebieden, verdwenen. In Noord-Amerika leeft het dier in Alaska, Canada en de noordelijkste staten van de Verenigde Staten (Washington tot Maine). In Europa leven er nog grote kuddes in Noorwegen, en het noorden van Finland.', 1, 1, 1, 1, 3, 13, 55);
INSERT INTO `ZooStart`.`Dieren` (`idDieren`, `Naam`, `Genus`, `Omschrijving`, `Status_id`, `Rijk_id`, `Stam_id`, `Klasse_id`, `Orde_id`, `Familie_id`, `Geslacht_id`) VALUES (111, 'Screwy', 0, 'De schroefhoorngeit wordt 140 tot 180 centimeter lang, de staart wordt 8 tot 14 centimeter lang. De bok heeft een schofthoogte van 86 tot 115 centimeter, een kop-romplengte van 162 tot 180 centimeter en een lichaamsgewicht van 80 tot 120 kilogram. Het vrouwtje wordt veel kleiner, 140 tot 150 centimeter lang, 65 tot 70 centimeter hoog en 32 tot 40 kilogram.', 3, 1, 1, 1, 3, 3, 57);
INSERT INTO `ZooStart`.`Dieren` (`idDieren`, `Naam`, `Genus`, `Omschrijving`, `Status_id`, `Rijk_id`, `Stam_id`, `Klasse_id`, `Orde_id`, `Familie_id`, `Geslacht_id`) VALUES (112, 'Scheeffi', 1, 'De schroefhoorngeit wordt 140 tot 180 centimeter lang, de staart wordt 8 tot 14 centimeter lang. De bok heeft een schofthoogte van 86 tot 115 centimeter, een kop-romplengte van 162 tot 180 centimeter en een lichaamsgewicht van 80 tot 120 kilogram. Het vrouwtje wordt veel kleiner, 140 tot 150 centimeter lang, 65 tot 70 centimeter hoog en 32 tot 40 kilogram.', 3, 1, 1, 1, 3, 3, 57);
INSERT INTO `ZooStart`.`Dieren` (`idDieren`, `Naam`, `Genus`, `Omschrijving`, `Status_id`, `Rijk_id`, `Stam_id`, `Klasse_id`, `Orde_id`, `Familie_id`, `Geslacht_id`) VALUES (113, 'Nathalie', 1, 'De zadelrob heeft een lichtgrijze vacht met een zwarte kop. Over de flanken en over de rug loopt een zwarte band, die volgens sommigen op een zadel lijkt (vandaar de naam). Bij vrouwtjes is de tekening bleker en vaak afgebroken, waardoor het meer op vlekken lijkt dan op een volledige band. De jongen van de zadelrob hebben bij de geboorte een dikke, witte vacht. Deze vacht wordt vervangen door een juveniele vacht, die bedekt is met donkere vlekken. De bovenzijde wordt lichter, terwijl de onderzijde donkerder wordt. De vlekken worden hierdoor minder duidelijk. Als de dieren drie jaar oud zijn, zijn de tekeningen onduidelijk, en de vacht is lichtgrijs. Als de dieren vier jaar oud zijn, ontwikkelt zich de volwassen zwarte bandtekening, die pas voltooid is rond de tijd dat het dier geslachtsrijp is. Een volwassen zadelrob wordt 168 tot 190 centimeter lang en 120 tot 140 kg zwaar. Mannetjes worden groter dan vrouwtjes. Vrouwtjes worden gemiddeld 179 centimeter lang en 120 kilogram zwaar, mannetjes 183 centimeter lang en 135 kilogram. - Zadelrobben leven van schaaldieren en vissen. De belangrijkste voedselbron is lodde. Ze kunnen 150 tot 200 meter diep duiken om daar te jagen op vissen als haring en kabeljauw. De zadelrob kan 30 minuten onder water blijven en 280 meter diep duiken. - Het zijn sociale dieren, die zich in februari en maart in grote voortplantingskolonies op het ijs verzamelen, waar de dieren hun jongen in werpen, paren en ruien. Oude mannetjes leven alleen of in kleine groepjes.', 1, 1, 1, 1, 5, 35, 56);
INSERT INTO `ZooStart`.`Dieren` (`idDieren`, `Naam`, `Genus`, `Omschrijving`, `Status_id`, `Rijk_id`, `Stam_id`, `Klasse_id`, `Orde_id`, `Familie_id`, `Geslacht_id`) VALUES (114, 'Sarah', 1, 'De zadelrob heeft een lichtgrijze vacht met een zwarte kop. Over de flanken en over de rug loopt een zwarte band, die volgens sommigen op een zadel lijkt (vandaar de naam). Bij vrouwtjes is de tekening bleker en vaak afgebroken, waardoor het meer op vlekken lijkt dan op een volledige band. De jongen van de zadelrob hebben bij de geboorte een dikke, witte vacht. Deze vacht wordt vervangen door een juveniele vacht, die bedekt is met donkere vlekken. De bovenzijde wordt lichter, terwijl de onderzijde donkerder wordt. De vlekken worden hierdoor minder duidelijk. Als de dieren drie jaar oud zijn, zijn de tekeningen onduidelijk, en de vacht is lichtgrijs. Als de dieren vier jaar oud zijn, ontwikkelt zich de volwassen zwarte bandtekening, die pas voltooid is rond de tijd dat het dier geslachtsrijp is. Een volwassen zadelrob wordt 168 tot 190 centimeter lang en 120 tot 140 kg zwaar. Mannetjes worden groter dan vrouwtjes. Vrouwtjes worden gemiddeld 179 centimeter lang en 120 kilogram zwaar, mannetjes 183 centimeter lang en 135 kilogram. - Zadelrobben leven van schaaldieren en vissen. De belangrijkste voedselbron is lodde. Ze kunnen 150 tot 200 meter diep duiken om daar te jagen op vissen als haring en kabeljauw. De zadelrob kan 30 minuten onder water blijven en 280 meter diep duiken. - Het zijn sociale dieren, die zich in februari en maart in grote voortplantingskolonies op het ijs verzamelen, waar de dieren hun jongen in werpen, paren en ruien. Oude mannetjes leven alleen of in kleine groepjes.', 1, 1, 1, 1, 5, 35, 56);
INSERT INTO `ZooStart`.`Dieren` (`idDieren`, `Naam`, `Genus`, `Omschrijving`, `Status_id`, `Rijk_id`, `Stam_id`, `Klasse_id`, `Orde_id`, `Familie_id`, `Geslacht_id`) VALUES (115, 'Siegfried', 0, 'De witte neushoon (ook wel breedlipneushoorn genoemd) is te onderscheiden in 2 ondersoorten. Namelijk de Zuidelijke witte neushoorn (Ceratotherium simum simum) waar we het hier over hebben en de Noordelijke witte neushoorn (Ceratotherium simum cottoni). De laatst genoemde neushoorn wordt helaas sterk bedreigd terwijl de zuidelijke witte neushoorn een wat betere toekomst heeft. In dierentuinen wordt de noordelijke soort bijna niet gehouden en je zal dus in bijna alle gevallen de zuidelijke witte neushoorn tegen komen. - Vrouwtjes leven samen met hun jongen in een woongebied. Witte neushoorns zijn over het algemeen zeer tolerant in het toelaten van andere soortgenoten in hun gebied. Vaak zijn er dan ook meerdere neushoorns bij elkaar te vinden. Daartegenover staan natuurlijk de mannetjes. Deze zijn wel zeer territoriaal en bewaken hun territorium dan ook heel sterk. - Hij is een echte grazer met de voorkeur voor kortere grassen. De witte neushoorn kan vier tot vijf dagen zonder water, maar zal toch meerdere malen per dag drinken. - De zuidelijke witte neushoorn heeft een draagtijd van 16 maanden. Er word dan één jong geboren, dan nog zonder hoorn. Na twee tot drie jaar worden de jonge neushoorns weggejaagd door hun moeder omdat ze dan op zichzelf kunnen staan. - Hoewel de zuidelijke witte neushoorn nu de minst bedreigde neushoornsoort is was dat 100 jaar geleden wel anders, toen waren er nog ongeveer 100 dieren over. Dat aantal is snel gestegen en er leven nu ongeveer 11.300 exemplaren in het wild. Waarom de neushoorn wordt bedreigd spreekt voor zich. Natuurlijk door de jacht voor zijn hoorn.', 2, 1, 1, 1, 20, 36, 58);

COMMIT;

